"","product_productid","reviewCt","reviewAvg","reviewscore3ct","reviewscore1ct"
"1","B000MQ4WY2",36,2.38888888888889,0.333333333333333,0.361111111111111
"2","B000GETU7E",33,2.63636363636364,0.363636363636364,0.303030303030303
"3","B0001WTV7A",29,2.93103448275862,0.310344827586207,0.310344827586207
"4","B000M7FOO8",24,2.20833333333333,0.375,0.375
"5","B000M7FOOS",24,2.20833333333333,0.375,0.375
"6","B000M7FOOI",24,2.20833333333333,0.375,0.375
"7","B0000D1FHV",20,2.4,0.35,0.35
"8","B000NJMK06",20,2.4,0.35,0.35
"9","B00005QJJG",20,2.4,0.35,0.35
"10","B000W9282M",20,2.4,0.35,0.35
"11","B00005R26O",20,2.4,0.35,0.35
"12","B0007NHDQ4",20,2.4,0.35,0.35
"13","B0001A79O4",20,2.4,0.35,0.35
"14","1577133056.0",20,2.4,0.35,0.35
"15","6305778256.0",19,2.31578947368421,0.315789473684211,0.368421052631579
"16","B000C65YPI",19,2.10526315789474,0.368421052631579,0.421052631578947
"17","B0000D9PII",19,2.36842105263158,0.315789473684211,0.368421052631579
"18","6305778191.0",19,2.31578947368421,0.315789473684211,0.368421052631579
"19","B00067AVKG",19,2.31578947368421,0.315789473684211,0.368421052631579
"20","6305269076.0",19,2.36842105263158,0.315789473684211,0.368421052631579
"21","B0000V6SQY",19,2.10526315789474,0.368421052631579,0.421052631578947
"22","B00004W4IL",19,2.31578947368421,0.315789473684211,0.368421052631579
"23","6301723465.0",18,2.16666666666667,0.333333333333333,0.388888888888889
"24","6301954955.0",18,2.16666666666667,0.333333333333333,0.388888888888889
"25","B004TPU57K",18,2.44444444444444,0.333333333333333,0.333333333333333
"26","B0013XZ6PC",18,2,0.333333333333333,0.444444444444444
"27","B000063KLJ",18,2.16666666666667,0.333333333333333,0.388888888888889
"28","6301866460.0",18,2.16666666666667,0.333333333333333,0.388888888888889
"29","B000OZ2HXE",18,2.16666666666667,0.333333333333333,0.388888888888889
"30","B0001Z52WK",18,2.16666666666667,0.333333333333333,0.388888888888889
"31","B000HX6IJ2",18,2.16666666666667,0.333333333333333,0.388888888888889
"32","B00176SHEC",18,2.16666666666667,0.333333333333333,0.388888888888889
"33","B00014WA26",18,2.16666666666667,0.333333333333333,0.388888888888889
"34","B008BJTRMY",18,2.44444444444444,0.333333333333333,0.333333333333333
"35","B004TPTY3G",18,2.44444444444444,0.333333333333333,0.333333333333333
"36","B00008T57R",18,2.16666666666667,0.333333333333333,0.388888888888889
"37","B001IFRS7Y",18,2.16666666666667,0.333333333333333,0.388888888888889
"38","B004UUIC1A",17,2.29411764705882,0.352941176470588,0.352941176470588
"39","B001H8HW0U",17,2.29411764705882,0.352941176470588,0.352941176470588
"40","B001CVCF3G",17,2.29411764705882,0.352941176470588,0.352941176470588
"41","B000UAE7LS",17,2.29411764705882,0.352941176470588,0.352941176470588
"42","B004UUIAYY",17,2.29411764705882,0.352941176470588,0.352941176470588
"43","B001H95VUW",17,2.29411764705882,0.352941176470588,0.352941176470588
"44","B001A3LNWA",16,2.75,0.3125,0.3125
"45","B004VK74A4",16,2.5,0.375,0.3125
"46","B000BHN79S",16,2.75,0.3125,0.3125
"47","B00004D375",16,2.5,0.375,0.3125
"48","B0036UZAVU",16,2.75,0.3125,0.3125
"49","B00004T8VK",16,2.5,0.375,0.3125
"50","6305551464.0",16,2.75,0.3125,0.3125
"51","B00007AJGV",16,2.5,0.375,0.3125
"52","B00007AJDM",16,2.5,0.375,0.3125
"53","B001ILHY3G",15,2.6,0.333333333333333,0.333333333333333
"54","B002BW1VPI",15,2.93333333333333,0.333333333333333,0.333333333333333
"55","B000MRNWJ2",15,2.13333333333333,0.333333333333333,0.333333333333333
"56","B001OJKX0S",15,2.6,0.333333333333333,0.333333333333333
"57","B0091VXMAO",15,2.93333333333333,0.333333333333333,0.333333333333333
"58","1574924486.0",15,2.6,0.333333333333333,0.333333333333333
"59","B001U41842",15,2.93333333333333,0.333333333333333,0.333333333333333
"60","B001U41838",15,2.93333333333333,0.333333333333333,0.333333333333333
"61","B0002V7T7O",15,2.6,0.333333333333333,0.333333333333333
"62","B0011FLGZ6",14,2.57142857142857,0.357142857142857,0.428571428571429
"63","B0001GH7FY",14,2.28571428571429,0.428571428571429,0.357142857142857
"64","B000OY9VAM",14,2.28571428571429,0.428571428571429,0.357142857142857
"65","B005QUQRDI",14,2.28571428571429,0.428571428571429,0.357142857142857
"66","B005QUQRC4",14,2.28571428571429,0.428571428571429,0.357142857142857
"67","B0013LPS0C",14,2.57142857142857,0.357142857142857,0.428571428571429
"68","B000RL21PO",13,2.38461538461538,0.384615384615385,0.307692307692308
"69","B00004XPOO",13,2.61538461538462,0.307692307692308,0.307692307692308
"70","B0001BPSAA",13,2.84615384615385,0.384615384615385,0.307692307692308
"71","B000K2CQRS",13,2.84615384615385,0.384615384615385,0.307692307692308
"72","B00001W9GJ",13,2.38461538461538,0.384615384615385,0.384615384615385
"73","B000LC3IJM",13,2.15384615384615,0.307692307692308,0.384615384615385
"74","6304286945.0",13,2.84615384615385,0.384615384615385,0.307692307692308
"75","B0037OUWP4",13,2.61538461538462,0.307692307692308,0.307692307692308
"76","B0037OZZUQ",13,2.61538461538462,0.307692307692308,0.307692307692308
"77","B00001U0DM",13,2.38461538461538,0.384615384615385,0.384615384615385
"78","B00077BOOC",13,3.07692307692308,0.307692307692308,0.307692307692308
"79","6305573867.0",13,2.61538461538462,0.307692307692308,0.307692307692308
"80","B000K2GK16",13,2.84615384615385,0.384615384615385,0.307692307692308
"81","B008Y78HEW",13,2.84615384615385,0.384615384615385,0.307692307692308
"82","B0000ALPFJ",13,2.84615384615385,0.384615384615385,0.307692307692308
"83","B00004RYF5",13,2.38461538461538,0.384615384615385,0.384615384615385
"84","B000EQ5SE8",12,1.91666666666667,0.333333333333333,0.416666666666667
"85","B006GLT8FK",12,1.91666666666667,0.333333333333333,0.416666666666667
"86","6301603389.0",12,2.25,0.333333333333333,0.333333333333333
"87","6300158853.0",12,2.66666666666667,0.333333333333333,0.333333333333333
"88","B000KWZ1S4",12,2.33333333333333,0.333333333333333,0.333333333333333
"89","B00029NMRW",12,1.91666666666667,0.333333333333333,0.416666666666667
"90","B00029NMRM",12,1.91666666666667,0.333333333333333,0.416666666666667
"91","B001D11A4A",12,2,0.333333333333333,0.333333333333333
"92","B004MWQPJ2",12,2.25,0.333333333333333,0.333333333333333
"93","B004FVWUZS",12,1.91666666666667,0.333333333333333,0.416666666666667
"94","B000CSUNP2",12,2.66666666666667,0.333333333333333,0.333333333333333
"95","B000E5KUHY",12,1.91666666666667,0.333333333333333,0.416666666666667
"96","B00007G1YA",12,2.08333333333333,0.333333333333333,0.416666666666667
"97","B00008G8WG",12,2.25,0.333333333333333,0.333333333333333
"98","B001E36XKI",12,1.91666666666667,0.333333333333333,0.416666666666667
"99","B006GLVGDC",12,1.91666666666667,0.333333333333333,0.416666666666667
"100","B00029NMR2",12,1.91666666666667,0.333333333333333,0.416666666666667
"101","B00029NMRC",12,1.91666666666667,0.333333333333333,0.416666666666667
"102","B000X7SCNM",12,2.25,0.333333333333333,0.333333333333333
"103","B00005U20B",11,2.72727272727273,0.363636363636364,0.363636363636364
"104","B000053VEM",11,2.72727272727273,0.363636363636364,0.363636363636364
"105","B000053VEN",11,2.72727272727273,0.363636363636364,0.363636363636364
"106","B00007ELIB",11,2,0.363636363636364,0.363636363636364
"107","B00005M0JA",11,2,0.363636363636364,0.363636363636364
"108","B00005OCUV",11,2.72727272727273,0.363636363636364,0.363636363636364
"109","B000053VC7",11,2.72727272727273,0.363636363636364,0.363636363636364
"110","B00005JA9S",11,2.72727272727273,0.363636363636364,0.363636363636364
"111","B0001GH7LS",11,2,0.363636363636364,0.363636363636364
"112","B00006G8F5",11,2,0.363636363636364,0.363636363636364
"113","B00005NSJG",11,2.72727272727273,0.363636363636364,0.363636363636364
"114","B00005M2D1",11,2,0.363636363636364,0.363636363636364
"115","B000PC72QI",11,2,0.363636363636364,0.363636363636364
"116","B000GAKD0Q",10,2.4,0.4,0.4
"117","B00003UC9F",10,2.4,0.4,0.4
"118","B000067J2Z",9,1.88888888888889,0.333333333333333,0.444444444444444
"119","B002YKY9QK",9,2.55555555555556,0.333333333333333,0.333333333333333
"120","B000067JGL",9,1.88888888888889,0.333333333333333,0.444444444444444
"121","B000067JGR",9,1.88888888888889,0.333333333333333,0.444444444444444
"122","B0000A0DVI",9,2,0.333333333333333,0.333333333333333
"123","B00009MGI5",9,2.22222222222222,0.333333333333333,0.444444444444444
"124","B000059Z2E",9,2.44444444444444,0.333333333333333,0.444444444444444
"125","B00000JGKR",9,2.11111111111111,0.333333333333333,0.444444444444444
"126","B007X16HSS",9,2,0.444444444444444,0.444444444444444
"127","B000065NE0",9,2.22222222222222,0.333333333333333,0.444444444444444
"128","6303340849.0",9,2.33333333333333,0.333333333333333,0.333333333333333
"129","B0002F6B9C",9,3,0.333333333333333,0.333333333333333
"130","B00005MMAE",9,2.22222222222222,0.333333333333333,0.444444444444444
"131","6305248133.0",9,2,0.333333333333333,0.333333333333333
"132","B001J38K86",9,2.55555555555556,0.444444444444444,0.333333333333333
"133","6302938775.0",9,2.55555555555556,0.444444444444444,0.333333333333333
"134","B0002XL30Q",9,2.55555555555556,0.333333333333333,0.333333333333333
"135","B0014FAIPC",9,2.55555555555556,0.333333333333333,0.333333333333333
"136","6304179235.0",9,2.22222222222222,0.333333333333333,0.444444444444444
"137","B0038F4ZV4",9,2.66666666666667,0.444444444444444,0.333333333333333
"138","B0070ZDMYE",9,2,0.444444444444444,0.444444444444444
"139","B00005KA6S",9,2.22222222222222,0.333333333333333,0.444444444444444
"140","B00004Z1HT",9,3,0.333333333333333,0.333333333333333
"141","B00006IUFY",9,3,0.333333333333333,0.333333333333333
"142","B000068QK4",9,1.88888888888889,0.333333333333333,0.444444444444444
"143","B00000F0HM",9,2.55555555555556,0.444444444444444,0.333333333333333
"144","B00077BOQK",9,3,0.333333333333333,0.333333333333333
"145","B001FH7YD8",9,2,0.333333333333333,0.333333333333333
"146","B0009MAOBO",9,2.55555555555556,0.333333333333333,0.333333333333333
"147","B0011EA3EW",9,2.11111111111111,0.333333333333333,0.444444444444444
"148","B00005MM7S",9,2.22222222222222,0.333333333333333,0.444444444444444
"149","B002E2QH6I",9,2.66666666666667,0.444444444444444,0.333333333333333
"150","B0074JOVSM",9,2,0.444444444444444,0.444444444444444
"151","B00006HCLU",9,2.11111111111111,0.333333333333333,0.444444444444444
"152","B00005BGNB",9,2.55555555555556,0.444444444444444,0.333333333333333
"153","B00005B2ZQ",9,2.22222222222222,0.333333333333333,0.444444444444444
"154","B00005NBA0",9,2.44444444444444,0.333333333333333,0.444444444444444
"155","B0026LYMFK",9,2.55555555555556,0.333333333333333,0.333333333333333
"156","B0001BXYUG",9,2.55555555555556,0.333333333333333,0.333333333333333
"157","B00176VJZQ",9,2.55555555555556,0.444444444444444,0.333333333333333
"158","B000YDKANA",9,2.55555555555556,0.444444444444444,0.333333333333333
"159","B000ZOSMTW",9,2.22222222222222,0.333333333333333,0.444444444444444
"160","B000065NCO",9,2.55555555555556,0.444444444444444,0.333333333333333
"161","6304418469.0",9,2.22222222222222,0.333333333333333,0.444444444444444
"162","B0000DC14N",9,2.55555555555556,0.444444444444444,0.333333333333333
"163","6304179456.0",9,2.22222222222222,0.333333333333333,0.444444444444444
"164","B0000B1OCK",9,2.55555555555556,0.333333333333333,0.333333333333333
"165","B00008RH0U",9,2.66666666666667,0.333333333333333,0.333333333333333
"166","B000CNGCH0",9,2.55555555555556,0.333333333333333,0.333333333333333
"167","B00004CTN7",9,2.22222222222222,0.333333333333333,0.444444444444444
"168","B0000C8AVG",9,2.33333333333333,0.444444444444444,0.444444444444444
"169","5553649668.0",9,2.44444444444444,0.333333333333333,0.444444444444444
"170","B0008394AQ",9,2.33333333333333,0.444444444444444,0.444444444444444
"171","B00005QX87",9,2.55555555555556,0.444444444444444,0.333333333333333
"172","B000A2X3MK",9,2.55555555555556,0.333333333333333,0.333333333333333
"173","B0019BI0WY",9,2.55555555555556,0.444444444444444,0.333333333333333
"174","630409230X",9,2.22222222222222,0.333333333333333,0.444444444444444
"175","6302261546.0",9,2.22222222222222,0.333333333333333,0.444444444444444
"176","B0038F06L2",9,2.66666666666667,0.444444444444444,0.333333333333333
"177","B000A2VNEU",9,2.44444444444444,0.444444444444444,0.333333333333333
"178","B00006IULS",9,3,0.333333333333333,0.333333333333333
"179","6304848455.0",9,2.44444444444444,0.444444444444444,0.333333333333333
"180","6304989199.0",9,2.11111111111111,0.333333333333333,0.444444444444444
"181","B00007JMFS",9,2.22222222222222,0.333333333333333,0.444444444444444
"182","B00005NBDJ",9,2.44444444444444,0.333333333333333,0.444444444444444
"183","B001I8MX0S",9,2.22222222222222,0.333333333333333,0.444444444444444
"184","B00008V5RV",9,2.33333333333333,0.333333333333333,0.333333333333333
"185","B0001EQI42",9,2.55555555555556,0.333333333333333,0.333333333333333
"186","B000QJMDIM",9,2,0.333333333333333,0.333333333333333
"187","B0000AYL0V",9,2.22222222222222,0.333333333333333,0.444444444444444
"188","B0001WTUW6",9,2.55555555555556,0.333333333333333,0.333333333333333
"189","B0002I830O",9,3,0.333333333333333,0.333333333333333
"190","B000MRNWKQ",9,2.66666666666667,0.333333333333333,0.333333333333333
"191","B000X7SBD8",9,2,0.333333333333333,0.333333333333333
"192","B00005JH9X",9,2.11111111111111,0.333333333333333,0.444444444444444
"193","B004QC6HJQ",9,2.66666666666667,0.444444444444444,0.333333333333333
"194","B00005MMA7",9,2.22222222222222,0.333333333333333,0.444444444444444
"195","B000HX5W9E",9,2.55555555555556,0.444444444444444,0.333333333333333
"196","B00004W5VG",9,2.55555555555556,0.333333333333333,0.333333333333333
"197","6303377270.0",9,2.55555555555556,0.444444444444444,0.333333333333333
"198","B000067D6O",9,2.77777777777778,0.444444444444444,0.333333333333333
"199","B000067D6H",9,2.77777777777778,0.444444444444444,0.333333333333333
"200","B0000A9GJ5",9,2.22222222222222,0.333333333333333,0.444444444444444
"201","B0011EGL98",9,2.11111111111111,0.333333333333333,0.444444444444444
"202","B00005AWQF",9,2.55555555555556,0.444444444444444,0.333333333333333
"203","6305564310.0",9,3,0.333333333333333,0.333333333333333
"204","B00005Y808",9,2.22222222222222,0.333333333333333,0.444444444444444
"205","B0009X57P6",8,2,0.375,0.375
"206","B00005ALON",8,2.75,0.375,0.375
"207","6304558805.0",8,2,0.375,0.375
"208","B002V8WWRS",8,2.375,0.375,0.375
"209","B0000640US",8,2,0.375,0.375
"210","B0047DKLDM",8,2.75,0.375,0.375
"211","B004FHCH5K",8,2,0.375,0.375
"212","6305503095.0",8,2,0.375,0.375
"213","B0000VLLAW",8,2,0.375,0.375
"214","B00005ALMA",8,2.75,0.375,0.375
"215","B008MPYNZI",8,2.25,0.375,0.375
"216","B000FUTVLE",8,2.25,0.375,0.375
"217","B0000AGWMU",8,2.375,0.375,0.375
"218","B001B1877U",8,2.375,0.375,0.375
"219","B009B8YZ7Q",8,2.25,0.375,0.375
"220","6305503109.0",8,2,0.375,0.375
"221","B0006H320M",8,2,0.375,0.375
"222","B0006ZXJ7U",8,2,0.375,0.375
"223","B008MPYPC4",8,2.25,0.375,0.375
"224","B004TA1GD2",8,2.375,0.375,0.375
"225","6300990370.0",8,2.375,0.375,0.375
"226","B002WKNRTW",7,2.42857142857143,0.428571428571429,0.428571428571429
"227","B0000E6EL9",7,2.42857142857143,0.428571428571429,0.428571428571429
"228","B0000E6ELA",7,2.42857142857143,0.428571428571429,0.428571428571429
"229","B000929V04",7,2,0.428571428571429,0.428571428571429
"230","B007JLBVGK",7,2,0.428571428571429,0.428571428571429
"231","B00005RES3",7,2.42857142857143,0.428571428571429,0.428571428571429
"232","B000EQ5UUK",7,2.42857142857143,0.428571428571429,0.428571428571429
"233","B007JLBVKG",7,2,0.428571428571429,0.428571428571429
"234","B00005R87H",7,2.42857142857143,0.428571428571429,0.428571428571429
"235","B000YFT3IQ",7,2.42857142857143,0.428571428571429,0.428571428571429
"236","6301394992.0",7,2.42857142857143,0.428571428571429,0.428571428571429
"237","B000YFWNYW",7,2.42857142857143,0.428571428571429,0.428571428571429
"238","B000X7SB7Y",7,2.42857142857143,0.428571428571429,0.428571428571429
"239","B00000F1KD",7,2.42857142857143,0.428571428571429,0.428571428571429
"240","B0000DJYMG",7,2.42857142857143,0.428571428571429,0.428571428571429
"241","B0019FP5IM",7,2.42857142857143,0.428571428571429,0.428571428571429
"242","6303250793.0",7,2.42857142857143,0.428571428571429,0.428571428571429
"243","6303233570.0",7,2,0.428571428571429,0.428571428571429
"244","B00009KNVD",7,2,0.428571428571429,0.428571428571429
"245","B001F34HQY",7,2,0.428571428571429,0.428571428571429
"246","B000006BS3",7,2.42857142857143,0.428571428571429,0.428571428571429
"247","B000A2VWM8",7,2.42857142857143,0.428571428571429,0.428571428571429
"248","B000QCUZNE",7,2.42857142857143,0.428571428571429,0.428571428571429
"249","B000QRIL7Q",7,2.42857142857143,0.428571428571429,0.428571428571429
"250","B008CPAX16",6,3,0.333333333333333,0.333333333333333
"251","B002ID7VJ0",6,2.33333333333333,0.333333333333333,0.333333333333333
"252","6304953828.0",6,3,0.333333333333333,0.333333333333333
"253","6305490295.0",6,2.33333333333333,0.333333333333333,0.333333333333333
"254","B002G1WPH2",6,2,0.333333333333333,0.333333333333333
"255","B001RJXG9U",6,2.83333333333333,0.333333333333333,0.333333333333333
"256","6303853188.0",6,2.83333333333333,0.333333333333333,0.333333333333333
"257","B00004T3AE",6,2.83333333333333,0.333333333333333,0.333333333333333
"258","6303046495.0",6,2.83333333333333,0.333333333333333,0.333333333333333
"259","B0001FT758",6,2.83333333333333,0.333333333333333,0.333333333333333
"260","6304953755.0",6,3,0.333333333333333,0.333333333333333
"261","B000ANXLAS",6,3,0.333333333333333,0.333333333333333
"262","B000R7G6HM",6,2.83333333333333,0.333333333333333,0.333333333333333
"263","B000BRMMIK",6,2.66666666666667,0.333333333333333,0.333333333333333
"264","B006VA3ZXC",6,3,0.333333333333333,0.333333333333333
"265","6303853196.0",6,2.83333333333333,0.333333333333333,0.333333333333333
"266","B0001XAK9M",6,2.5,0.333333333333333,0.333333333333333
"267","6304853823.0",6,3,0.333333333333333,0.333333333333333
"268","B0021UDX8I",6,2.83333333333333,0.333333333333333,0.333333333333333
"269","B00029X092",6,2.83333333333333,0.333333333333333,0.333333333333333
"270","6302946565.0",6,2.83333333333333,0.333333333333333,0.333333333333333
"271","B000NA1W5E",6,2.83333333333333,0.333333333333333,0.333333333333333
"272","B0000A2ZT7",6,3,0.333333333333333,0.333333333333333
"273","B000QQEY28",6,2.33333333333333,0.333333333333333,0.333333333333333
"274","B0007Z0OA4",6,2.83333333333333,0.333333333333333,0.333333333333333
"275","6303935192.0",6,3,0.333333333333333,0.333333333333333
"276","B0023LX92A",6,2.83333333333333,0.333333333333333,0.333333333333333
"277","630417585X",6,2.83333333333333,0.333333333333333,0.333333333333333
"278","B003QWVPSU",6,2.83333333333333,0.333333333333333,0.333333333333333
"279","6304913753.0",6,2,0.333333333333333,0.333333333333333
"280","B003ZTNT38",6,2,0.333333333333333,0.333333333333333
"281","B000PY525O",6,2.83333333333333,0.333333333333333,0.333333333333333
"282","B0013D8LMM",6,3,0.333333333333333,0.333333333333333
"283","B000YDK706",6,2.33333333333333,0.333333333333333,0.333333333333333
"284","B0000YWKMM",6,2,0.333333333333333,0.333333333333333
"285","6304818408.0",6,3,0.333333333333333,0.333333333333333
"286","B003VADS32",6,2.33333333333333,0.333333333333333,0.333333333333333
"287","B003VADS3C",6,2.33333333333333,0.333333333333333,0.333333333333333
"288","B000LPS2OK",6,2.83333333333333,0.333333333333333,0.333333333333333
"289","B004WD1J60",6,2.83333333333333,0.333333333333333,0.333333333333333
"290","B002DQSKO2",6,2.66666666666667,0.333333333333333,0.333333333333333
"291","B000MM1GFO",6,2.5,0.333333333333333,0.333333333333333
"292","6303914462.0",6,2.83333333333333,0.333333333333333,0.333333333333333
"293","B001PNTU0M",6,2.66666666666667,0.333333333333333,0.333333333333333
"294","B0000AGQ3G",6,2.33333333333333,0.333333333333333,0.333333333333333
"295","B0007O38ZS",6,2.83333333333333,0.333333333333333,0.333333333333333
"296","B000YDLI3Q",6,2.33333333333333,0.333333333333333,0.333333333333333
"297","B0000VD100",6,2.83333333333333,0.333333333333333,0.333333333333333
"298","B0001GF2FG",6,3,0.333333333333333,0.333333333333333
"299","6304622694.0",6,3,0.333333333333333,0.333333333333333
"300","B000N4QAC0",6,2.83333333333333,0.333333333333333,0.333333333333333
"301","6303914454.0",6,2.83333333333333,0.333333333333333,0.333333333333333
"302","B0018BDDHM",6,2.83333333333333,0.333333333333333,0.333333333333333
"303","B0002YLCN8",6,3,0.333333333333333,0.333333333333333
"304","B0083QJW8E",6,3,0.333333333333333,0.333333333333333
"305","B000HKCSTO",6,2.33333333333333,0.333333333333333,0.333333333333333
"306","B004SEUIY2",6,2.33333333333333,0.333333333333333,0.333333333333333
"307","B000ZOXDFU",6,2.83333333333333,0.333333333333333,0.333333333333333
"308","B0019N5A8E",6,2.83333333333333,0.333333333333333,0.333333333333333
"309","B003V3FUMG",6,2.83333333333333,0.333333333333333,0.333333333333333
"310","B007JZFXBU",6,3,0.333333333333333,0.333333333333333
"311","B004H0M34A",6,2.66666666666667,0.333333333333333,0.333333333333333
"312","B0052UGCBY",6,2.83333333333333,0.333333333333333,0.333333333333333
"313","B000765IRW",6,2.83333333333333,0.333333333333333,0.333333333333333
"314","B00014WA1M",6,3,0.333333333333333,0.333333333333333
"315","B000BVM26S",6,2.5,0.333333333333333,0.333333333333333
"316","B003QWVOYU",6,2.83333333333333,0.333333333333333,0.333333333333333
"317","6303914446.0",6,2.83333333333333,0.333333333333333,0.333333333333333
"318","B0000AGWMQ",6,3,0.333333333333333,0.333333333333333
"319","B0000AGWMR",6,3,0.333333333333333,0.333333333333333
"320","B0002HODTU",6,2.33333333333333,0.333333333333333,0.333333333333333
"321","B000B2WNVQ",6,3,0.333333333333333,0.333333333333333
"322","B0017T3S48",6,3,0.333333333333333,0.333333333333333
"323","B000GUJZFA",6,2.83333333333333,0.333333333333333,0.333333333333333
"324","B007JZFX7Y",6,3,0.333333333333333,0.333333333333333
"325","6301886542.0",6,2.83333333333333,0.333333333333333,0.333333333333333
"326","B000A59Q3W",6,2.33333333333333,0.333333333333333,0.333333333333333
"327","B000JU8HGA",6,2.33333333333333,0.333333333333333,0.333333333333333
"328","B00065GWVA",6,3,0.333333333333333,0.333333333333333
"329","B00004SPFI",6,2.33333333333333,0.333333333333333,0.333333333333333
"330","B000796D0K",6,2.33333333333333,0.333333333333333,0.333333333333333
"331","B001EWVDDG",6,2.5,0.333333333333333,0.333333333333333
"332","B002K2KMGS",6,2.83333333333333,0.333333333333333,0.333333333333333
"333","B00147F904",6,2.33333333333333,0.333333333333333,0.333333333333333
"334","6303914438.0",6,2.83333333333333,0.333333333333333,0.333333333333333
"335","B004N78GO8",6,2.83333333333333,0.333333333333333,0.333333333333333
"336","B0000CNY58",6,2.83333333333333,0.333333333333333,0.333333333333333
"337","B000255LGG",6,2,0.333333333333333,0.333333333333333
"338","B0002VEQKM",6,3,0.333333333333333,0.333333333333333
"339","B002YLNXOI",6,2.83333333333333,0.333333333333333,0.333333333333333
"340","B005X9TLQC",6,3,0.333333333333333,0.333333333333333
"341","B000YDKABC",6,2.33333333333333,0.333333333333333,0.333333333333333
"342","B0000AYGBE",6,2.83333333333333,0.333333333333333,0.333333333333333
"343","6304100922.0",6,2.83333333333333,0.333333333333333,0.333333333333333
"344","B000E5KQJ6",6,2.33333333333333,0.333333333333333,0.333333333333333
"345","B0006Q93MY",6,2.33333333333333,0.333333333333333,0.333333333333333
"346","B0023M80XC",6,2.83333333333333,0.333333333333333,0.333333333333333
"347","B00028G6CQ",6,2,0.333333333333333,0.333333333333333
"348","B001R0AYKI",6,2.33333333333333,0.333333333333333,0.333333333333333
"349","B00140PKD2",6,2,0.333333333333333,0.333333333333333
"350","B000KG4BH2",6,2.83333333333333,0.333333333333333,0.333333333333333
"351","6305836736.0",6,2.33333333333333,0.333333333333333,0.333333333333333
"352","B000LKARP2",6,3,0.333333333333333,0.333333333333333
"353","B0050DAVYW",6,2.83333333333333,0.333333333333333,0.333333333333333
"354","B0000UX5JS",6,2.66666666666667,0.333333333333333,0.333333333333333
"355","B006VA4T4G",6,3,0.333333333333333,0.333333333333333
"356","6303919197.0",6,2.83333333333333,0.333333333333333,0.333333333333333
"357","B002UJIY0M",6,2.83333333333333,0.333333333333333,0.333333333333333
"358","6305388873.0",6,3,0.333333333333333,0.333333333333333
"359","B00006959P",6,2.33333333333333,0.333333333333333,0.333333333333333
"360","6304175892.0",6,2.83333333333333,0.333333333333333,0.333333333333333
"361","B002ZJD5W4",6,2.83333333333333,0.333333333333333,0.333333333333333
"362","B00005MKOK",6,2.83333333333333,0.333333333333333,0.333333333333333
"363","B008CPAWDA",6,3,0.333333333333333,0.333333333333333
"364","B0032CFYB8",6,2.83333333333333,0.333333333333333,0.333333333333333
"365","6305226563.0",6,3,0.333333333333333,0.333333333333333
"366","B00028G54A",6,2,0.333333333333333,0.333333333333333
"367","6303919189.0",6,2.83333333333333,0.333333333333333,0.333333333333333
"368","B0032COQZS",6,2.83333333333333,0.333333333333333,0.333333333333333
"369","6304175884.0",6,2.83333333333333,0.333333333333333,0.333333333333333
"370","B00005U145",5,2.6,0.4,0.4
"371","B002IRYYK0",5,2.4,0.4,0.4
"372","B0015SRTKA",5,2,0.4,0.4
"373","B0007UQ282",5,2.4,0.4,0.4
"374","B00029QOTK",5,2,0.4,0.4
"375","B0000CEB6Q",5,2,0.4,0.4
"376","B0000BV21C",5,2.4,0.4,0.4
"377","B00005NE1Z",5,2.6,0.4,0.4
"378","6305371571.0",5,2.4,0.4,0.4
"379","B00004WMI2",5,2.4,0.4,0.4
"380","B0006FO5J6",5,2.4,0.4,0.4
"381","B0006SSQR0",5,2.6,0.4,0.4
"382","B001ARDC02",5,2,0.4,0.4
"383","B000O76TRM",5,2.6,0.4,0.4
"384","6304557957.0",5,2.4,0.4,0.4
"385","B004GCHXKI",5,2.4,0.4,0.4
"386","B0032XADHC",5,2.6,0.4,0.4
"387","6304796285.0",5,2.4,0.4,0.4
"388","B004F79J24",5,2.4,0.4,0.4
"389","B001ARDC0C",5,2.4,0.4,0.4
"390","B008MK7C2Y",5,2.6,0.4,0.4
"391","B000A6T1QI",5,2,0.4,0.4
"392","B009RI61CW",5,2.6,0.4,0.4
"393","B00005RZSZ",5,2.4,0.4,0.4
"394","B003019LYW",5,2,0.4,0.4
"395","B001EUSN4K",5,2.4,0.4,0.4
"396","B000JMKK04",5,2.6,0.4,0.4
"397","B003ZHW3W8",5,2.4,0.4,0.4
"398","B000HXDT1M",5,2.4,0.4,0.4
"399","B0002KQO1M",5,2.4,0.4,0.4
"400","B00005OKQW",5,2.6,0.4,0.4
"401","6302451884.0",5,2.6,0.4,0.4
"402","B000NDIB3C",5,2.4,0.4,0.4
"403","B0000UJLLO",5,2.4,0.4,0.4
"404","B00008O306",5,2.6,0.4,0.4
"405","B00008O307",5,2.6,0.4,0.4
"406","B002WGCJ0O",5,2,0.4,0.4
"407","B00005QB7P",5,2.6,0.4,0.4
"408","B00008DDUI",5,2,0.4,0.4
"409","B003ZHSN90",5,2.4,0.4,0.4
"410","B00006953N",5,2.4,0.4,0.4
"411","B0002S64QO",5,2.6,0.4,0.4
"412","B0011NVC16",5,2,0.4,0.4
"413","B001RU8XPQ",5,2,0.4,0.4
"414","B000AMJG58",5,2.6,0.4,0.4
"415","B0000ZFZTQ",5,2.6,0.4,0.4
"416","B00005NGS7",5,2.6,0.4,0.4
"417","B0015SRTMI",5,2,0.4,0.4
"418","6301426967.0",5,2,0.4,0.4
"419","B00006LSHA",5,2.6,0.4,0.4
"420","B002ZP8O3S",5,2.6,0.4,0.4
"421","B002MB0W8K",5,2.4,0.4,0.4
"422","6302036739.0",5,2.6,0.4,0.4
"423","B001PPLJKO",5,2.4,0.4,0.4
"424","B0042XPF74",5,2.4,0.4,0.4
"425","B00080ZHDW",5,2.4,0.4,0.4
"426","6301758358.0",5,2.6,0.4,0.4
"427","B0001MZ6YW",5,2.6,0.4,0.4
"428","B001NPH5OK",5,2.6,0.4,0.4
"429","6304796277.0",5,2.4,0.4,0.4
"430","B000065NBV",5,2,0.4,0.4
"431","B000067J48",5,2.4,0.4,0.4
"432","6304557949.0",5,2.4,0.4,0.4
"433","B00005QDZF",5,2.6,0.4,0.4
"434","B00005QY8D",5,2.6,0.4,0.4
"435","B000JVSUS4",5,2.6,0.4,0.4
"436","B00005Q3TZ",5,2.6,0.4,0.4
"437","B0000VLL98",5,2.4,0.4,0.4
"438","B0000VLL9I",5,2.4,0.4,0.4
"439","B00003CXTF",5,2.6,0.4,0.4
"440","B00003CXTG",5,2.6,0.4,0.4
"441","B00004RE1V",5,2.6,0.4,0.4
"442","B00005QB7O",5,2.6,0.4,0.4
"443","B00004OCYO",5,2.4,0.4,0.4
"444","B0006SSTAO",5,2.6,0.4,0.4
"445","B00005A0QD",5,2,0.4,0.4
"446","B0002ZYDZ6",5,2.4,0.4,0.4
"447","B0006FO5IW",5,2.4,0.4,0.4
"448","B004GCFRGU",5,2.4,0.4,0.4
"449","B00066TBEO",5,2.6,0.4,0.4
"450","B000BVM1X2",5,2.6,0.4,0.4
"451","B00008MHAS",5,2.6,0.4,0.4
"452","B001NPFAYM",5,2.6,0.4,0.4
"453","B0000JBUK0",5,2.4,0.4,0.4
"454","B0014C2JWA",5,2.4,0.4,0.4
"455","6305534624.0",5,2.4,0.4,0.4
"456","6304060645.0",5,2.4,0.4,0.4
"457","B002AWM0ZY",5,2.6,0.4,0.4
"458","B003SMUU70",5,2.6,0.4,0.4
"459","B00333IMWO",5,2.4,0.4,0.4
"460","B005898GK4",5,2.4,0.4,0.4
"461","B00004RRCA",5,2.4,0.4,0.4
"462","B004I1KZTI",5,2,0.4,0.4
"463","B000S2B220",5,2.6,0.4,0.4
"464","B00004TH41",5,2.4,0.4,0.4
"465","B002WG6DEM",5,2,0.4,0.4
"466","B000067D6F",5,2,0.4,0.4
"467","B000067D6M",5,2,0.4,0.4
"468","B00005O893",5,2.6,0.4,0.4
"469","6304060653.0",5,2.4,0.4,0.4
"470","B0000CDL3Z",5,2,0.4,0.4
"471","B004EJ8KPU",5,2.4,0.4,0.4
"472","B00008DDGX",5,2,0.4,0.4
"473","B003L16F9U",5,2.4,0.4,0.4
"474","B0000TPAVK",3,3,0.333333333333333,0.333333333333333
"475","B0088W2LC2",3,3,0.333333333333333,0.333333333333333
"476","B003C5FN6Q",3,2.66666666666667,0.333333333333333,0.333333333333333
"477","B0001XARPO",3,2.66666666666667,0.333333333333333,0.333333333333333
"478","B0010C54D0",3,2.66666666666667,0.333333333333333,0.333333333333333
"479","B00026EXZ0",3,3,0.333333333333333,0.333333333333333
"480","B0030U1THU",3,2.66666666666667,0.333333333333333,0.333333333333333
"481","B00008WJDB",3,2.66666666666667,0.333333333333333,0.333333333333333
"482","B001MS7JEO",3,3,0.333333333333333,0.333333333333333
"483","B002WNU0Q2",3,2.66666666666667,0.333333333333333,0.333333333333333
"484","B000AV71CO",3,2,0.333333333333333,0.333333333333333
"485","B003YCL13G",3,3,0.333333333333333,0.333333333333333
"486","B003VY8932",3,2.66666666666667,0.333333333333333,0.333333333333333
"487","B00149JKDE",3,2.66666666666667,0.333333333333333,0.333333333333333
"488","B0039UU3KK",3,2.66666666666667,0.333333333333333,0.333333333333333
"489","B000XBPA5G",3,2.66666666666667,0.333333333333333,0.333333333333333
"490","B0018FWHPW",3,3,0.333333333333333,0.333333333333333
"491","B00000FDX2",3,2,0.333333333333333,0.333333333333333
"492","B00013F308",3,2.66666666666667,0.333333333333333,0.333333333333333
"493","6305104859.0",3,2.66666666666667,0.333333333333333,0.333333333333333
"494","6302815797.0",3,2.66666666666667,0.333333333333333,0.333333333333333
"495","B000GG4XM4",3,3,0.333333333333333,0.333333333333333
"496","B0047C66HS",3,3,0.333333333333333,0.333333333333333
"497","B000WMEAUC",3,2.66666666666667,0.333333333333333,0.333333333333333
"498","B0082JW25C",3,2.66666666666667,0.333333333333333,0.333333333333333
"499","B0000648YR",3,2,0.333333333333333,0.333333333333333
"500","B000095J2S",3,3,0.333333333333333,0.333333333333333
"501","6304180519.0",3,2.66666666666667,0.333333333333333,0.333333333333333
"502","B000EXDRMQ",3,2,0.333333333333333,0.333333333333333
"503","B000MPRPW4",3,2,0.333333333333333,0.333333333333333
"504","B003YCL122",3,2.66666666666667,0.333333333333333,0.333333333333333
"505","B000EBCECW",3,3,0.333333333333333,0.333333333333333
"506","1578480140.0",3,3,0.333333333333333,0.333333333333333
"507","B002ZP6PE8",3,2,0.333333333333333,0.333333333333333
"508","B00005YHQ2",3,3,0.333333333333333,0.333333333333333
"509","1573301256.0",3,3,0.333333333333333,0.333333333333333
"510","B000JGWD6O",3,2,0.333333333333333,0.333333333333333
"511","B00008G842",3,2,0.333333333333333,0.333333333333333
"512","B00310PSUS",3,2,0.333333333333333,0.333333333333333
"513","B000Z3P26Y",3,3,0.333333333333333,0.333333333333333
"514","B00005OCMB",3,2,0.333333333333333,0.333333333333333
"515","B00005OCMK",3,2.66666666666667,0.333333333333333,0.333333333333333
"516","B00068WRFW",3,2.66666666666667,0.333333333333333,0.333333333333333
"517","B0001I56HI",3,3,0.333333333333333,0.333333333333333
"518","B00260LDT4",3,3,0.333333333333333,0.333333333333333
"519","B001T21QQA",3,2,0.333333333333333,0.333333333333333
"520","B00008H2FW",3,3,0.333333333333333,0.333333333333333
"521","B00008H2F6",3,3,0.333333333333333,0.333333333333333
"522","B00008H2F7",3,3,0.333333333333333,0.333333333333333
"523","B000E991PW",3,3,0.333333333333333,0.333333333333333
"524","B002V3AM2A",3,2,0.333333333333333,0.333333333333333
"525","790749343.0",3,2.66666666666667,0.333333333333333,0.333333333333333
"526","B00317IGCI",3,2.66666666666667,0.333333333333333,0.333333333333333
"527","B000F7CMWM",3,3,0.333333333333333,0.333333333333333
"528","B0030L25OA",3,2.66666666666667,0.333333333333333,0.333333333333333
"529","B000092Q6T",3,2.66666666666667,0.333333333333333,0.333333333333333
"530","B000UHK7CY",3,3,0.333333333333333,0.333333333333333
"531","B000009S05",3,2.66666666666667,0.333333333333333,0.333333333333333
"532","B000TSIK2S",3,2,0.333333333333333,0.333333333333333
"533","B000GL18F4",3,2,0.333333333333333,0.333333333333333
"534","B0000640ZL",3,3,0.333333333333333,0.333333333333333
"535","B000F7CMWC",3,3,0.333333333333333,0.333333333333333
"536","B000N26QJ4",3,2,0.333333333333333,0.333333333333333
"537","B003LPRS88",3,2.66666666666667,0.333333333333333,0.333333333333333
"538","B000069HPB",3,3,0.333333333333333,0.333333333333333
"539","B000JIOA5O",3,2.66666666666667,0.333333333333333,0.333333333333333
"540","B00009WHTF",3,2.66666666666667,0.333333333333333,0.333333333333333
"541","B000035Z34",3,2,0.333333333333333,0.333333333333333
"542","B002FOFXK6",3,2.66666666666667,0.333333333333333,0.333333333333333
"543","B0002ZYE1O",3,3,0.333333333333333,0.333333333333333
"544","B002X9U0BA",3,3,0.333333333333333,0.333333333333333
"545","B000056AWT",3,3,0.333333333333333,0.333333333333333
"546","B00004STRN",3,3,0.333333333333333,0.333333333333333
"547","B002HQZXDE",3,2.66666666666667,0.333333333333333,0.333333333333333
"548","B00004STRT",3,3,0.333333333333333,0.333333333333333
"549","6300213420.0",3,2.66666666666667,0.333333333333333,0.333333333333333
"550","B000C6NOXC",3,2.66666666666667,0.333333333333333,0.333333333333333
"551","B007PYFAP4",3,3,0.333333333333333,0.333333333333333
"552","B0006V5MA6",3,2,0.333333333333333,0.333333333333333
"553","B0001MMFNM",3,3,0.333333333333333,0.333333333333333
"554","630100809X",3,2,0.333333333333333,0.333333333333333
"555","B0065QDF32",3,3,0.333333333333333,0.333333333333333
"556","6301465237.0",3,2.66666666666667,0.333333333333333,0.333333333333333
"557","B004QM5ZZ8",3,2,0.333333333333333,0.333333333333333
"558","B0000505BQ",3,3,0.333333333333333,0.333333333333333
"559","B0023E9VOW",3,2,0.333333333333333,0.333333333333333
"560","B001PVE720",3,3,0.333333333333333,0.333333333333333
"561","B00172TIFS",3,2,0.333333333333333,0.333333333333333
"562","B002FKX8JI",3,3,0.333333333333333,0.333333333333333
"563","B000Y2WANO",3,3,0.333333333333333,0.333333333333333
"564","B00005RZR1",3,3,0.333333333333333,0.333333333333333
"565","B002G8K7KC",3,3,0.333333333333333,0.333333333333333
"566","B0001SYKZW",3,3,0.333333333333333,0.333333333333333
"567","B0001SYKZM",3,3,0.333333333333333,0.333333333333333
"568","B0002YG2WE",3,3,0.333333333333333,0.333333333333333
"569","B000MV8ATA",3,3,0.333333333333333,0.333333333333333
"570","B00022XEFE",3,2.66666666666667,0.333333333333333,0.333333333333333
"571","B0002V7SSY",3,2.66666666666667,0.333333333333333,0.333333333333333
"572","B000FOT9OE",3,3,0.333333333333333,0.333333333333333
"573","B001LNOMHM",3,2.66666666666667,0.333333333333333,0.333333333333333
"574","B000UWJ2ZC",3,3,0.333333333333333,0.333333333333333
"575","B000RRTBHO",3,2.66666666666667,0.333333333333333,0.333333333333333
"576","B002XALFW2",3,2.66666666666667,0.333333333333333,0.333333333333333
"577","B002AFX58M",3,3,0.333333333333333,0.333333333333333
"578","B00009PBYU",3,3,0.333333333333333,0.333333333333333
"579","B000SSONUM",3,3,0.333333333333333,0.333333333333333
"580","6305941203.0",3,2.66666666666667,0.333333333333333,0.333333333333333
"581","B000FGXY6Q",3,3,0.333333333333333,0.333333333333333
"582","B002G8O7WG",3,3,0.333333333333333,0.333333333333333
"583","B0000CG8AX",3,2,0.333333333333333,0.333333333333333
"584","B00004WC7M",3,3,0.333333333333333,0.333333333333333
"585","B00004WC7R",3,3,0.333333333333333,0.333333333333333
"586","B00004WC7Q",3,3,0.333333333333333,0.333333333333333
"587","6301802810.0",3,3,0.333333333333333,0.333333333333333
"588","B000YDKAKI",3,2.66666666666667,0.333333333333333,0.333333333333333
"589","B000VA2Y1C",3,2,0.333333333333333,0.333333333333333
"590","B000XHBG94",3,2.66666666666667,0.333333333333333,0.333333333333333
"591","B0001Z5YW8",3,3,0.333333333333333,0.333333333333333
"592","B00000JWWL",3,3,0.333333333333333,0.333333333333333
"593","B002ZP6PD4",3,2,0.333333333333333,0.333333333333333
"594","B00006BS82",3,2,0.333333333333333,0.333333333333333
"595","B0007M22UC",3,3,0.333333333333333,0.333333333333333
"596","B000MGVCWW",3,3,0.333333333333333,0.333333333333333
"597","B0008029XI",3,2,0.333333333333333,0.333333333333333
"598","B000060MWX",3,2.66666666666667,0.333333333333333,0.333333333333333
"599","1586550101.0",3,3,0.333333333333333,0.333333333333333
"600","B0038ZNZ4W",3,3,0.333333333333333,0.333333333333333
"601","B0006FQ9SQ",3,3,0.333333333333333,0.333333333333333
"602","B000JJ4W2O",3,2,0.333333333333333,0.333333333333333
"603","B0010W01HO",3,3,0.333333333333333,0.333333333333333
"604","B0007US89S",3,2,0.333333333333333,0.333333333333333
"605","B0002YC00M",3,2.66666666666667,0.333333333333333,0.333333333333333
"606","B000I2J722",3,3,0.333333333333333,0.333333333333333
"607","B00006JI19",3,2.66666666666667,0.333333333333333,0.333333333333333
"608","B000S1KSFI",3,3,0.333333333333333,0.333333333333333
"609","B000059HFS",3,2.66666666666667,0.333333333333333,0.333333333333333
"610","B00006SFOE",3,2,0.333333333333333,0.333333333333333
"611","192929686X",3,3,0.333333333333333,0.333333333333333
"612","B0002VL060",3,2.66666666666667,0.333333333333333,0.333333333333333
"613","B0002CR0EU",3,3,0.333333333333333,0.333333333333333
"614","B00008G64Z",3,3,0.333333333333333,0.333333333333333
"615","B00012FXS6",3,2,0.333333333333333,0.333333333333333
"616","B001U1L9NK",3,3,0.333333333333333,0.333333333333333
"617","738921963.0",3,2,0.333333333333333,0.333333333333333
"618","B001VB8UE0",3,3,0.333333333333333,0.333333333333333
"619","B002JK092S",3,2.66666666666667,0.333333333333333,0.333333333333333
"620","B004H0M30E",3,3,0.333333333333333,0.333333333333333
"621","B0007DBB7G",3,3,0.333333333333333,0.333333333333333
"622","B00004S89W",3,3,0.333333333333333,0.333333333333333
"623","B000FVQYPO",3,3,0.333333333333333,0.333333333333333
"624","B000H5TH0M",3,2,0.333333333333333,0.333333333333333
"625","B000TGJ88U",3,3,0.333333333333333,0.333333333333333
"626","6305759170.0",3,3,0.333333333333333,0.333333333333333
"627","B002YM48IM",3,3,0.333333333333333,0.333333333333333
"628","B00005M91B",3,2,0.333333333333333,0.333333333333333
"629","B000IATR2Y",3,3,0.333333333333333,0.333333333333333
"630","B00009XN8X",3,3,0.333333333333333,0.333333333333333
"631","B000PSJBH0",3,3,0.333333333333333,0.333333333333333
"632","B003N54398",3,3,0.333333333333333,0.333333333333333
"633","B000641Z0Y",3,3,0.333333333333333,0.333333333333333
"634","B000V6LTDA",3,2,0.333333333333333,0.333333333333333
"635","B000PLXFRO",3,2.66666666666667,0.333333333333333,0.333333333333333
"636","B005QW5CK0",3,3,0.333333333333333,0.333333333333333
"637","B0000633QP",3,2,0.333333333333333,0.333333333333333
"638","B004YVAKNS",3,2.66666666666667,0.333333333333333,0.333333333333333
"639","B000MTEFT6",3,2.66666666666667,0.333333333333333,0.333333333333333
"640","B0000640VI",3,3,0.333333333333333,0.333333333333333
"641","B000HY5L44",3,3,0.333333333333333,0.333333333333333
"642","B000VT42YK",3,3,0.333333333333333,0.333333333333333
"643","6303640540.0",3,2,0.333333333333333,0.333333333333333
"644","B000MGAYFI",3,3,0.333333333333333,0.333333333333333
"645","B00198IWKW",3,3,0.333333333333333,0.333333333333333
"646","B000056AXT",3,2,0.333333333333333,0.333333333333333
"647","B00005NRRA",3,3,0.333333333333333,0.333333333333333
"648","B00000F0SW",3,3,0.333333333333333,0.333333333333333
"649","B001V69LX4",3,3,0.333333333333333,0.333333333333333
"650","B0015MNOMI",3,2,0.333333333333333,0.333333333333333
"651","6305628084.0",3,2,0.333333333333333,0.333333333333333
"652","B002EZLO04",3,2.66666666666667,0.333333333333333,0.333333333333333
"653","6302388120.0",3,2.66666666666667,0.333333333333333,0.333333333333333
"654","6304078633.0",3,3,0.333333333333333,0.333333333333333
"655","B0019BI13M",3,2.66666666666667,0.333333333333333,0.333333333333333
"656","B0017LIUNA",3,2,0.333333333333333,0.333333333333333
"657","B001FBPSYQ",3,2,0.333333333333333,0.333333333333333
"658","B00005YOY2",3,3,0.333333333333333,0.333333333333333
"659","B000XSKDGK",3,3,0.333333333333333,0.333333333333333
"660","B002ZWCRQ6",3,2,0.333333333333333,0.333333333333333
"661","B00012QLYQ",3,2.66666666666667,0.333333333333333,0.333333333333333
"662","B004DJ1JX6",3,2.66666666666667,0.333333333333333,0.333333333333333
"663","B004VWXGIG",3,2.66666666666667,0.333333333333333,0.333333333333333
"664","764430246.0",3,3,0.333333333333333,0.333333333333333
"665","6302529727.0",3,2.66666666666667,0.333333333333333,0.333333333333333
"666","6303307906.0",3,3,0.333333333333333,0.333333333333333
"667","B001J65RE8",3,2,0.333333333333333,0.333333333333333
"668","630562805X",3,2,0.333333333333333,0.333333333333333
"669","6305239290.0",3,3,0.333333333333333,0.333333333333333
"670","B002ID093U",3,3,0.333333333333333,0.333333333333333
"671","B007R3A2HE",3,2,0.333333333333333,0.333333333333333
"672","B008QTTV52",3,3,0.333333333333333,0.333333333333333
"673","B005ADQX94",3,2.66666666666667,0.333333333333333,0.333333333333333
"674","B0002F6B7O",3,2.66666666666667,0.333333333333333,0.333333333333333
"675","B002A63PGI",3,2,0.333333333333333,0.333333333333333
"676","B0001AGI4G",3,2.66666666666667,0.333333333333333,0.333333333333333
"677","B00587ESJO",3,3,0.333333333333333,0.333333333333333
"678","B0009NCPMY",3,2.66666666666667,0.333333333333333,0.333333333333333
"679","B0000TWN9C",3,3,0.333333333333333,0.333333333333333
"680","B000ENUL34",3,2.66666666666667,0.333333333333333,0.333333333333333
"681","B00000F0SZ",3,3,0.333333333333333,0.333333333333333
"682","B0023EBMN0",3,2,0.333333333333333,0.333333333333333
"683","B00009IB4Q",3,3,0.333333333333333,0.333333333333333
"684","158655011X",3,3,0.333333333333333,0.333333333333333
"685","B003156IJ8",3,2.66666666666667,0.333333333333333,0.333333333333333
"686","B003VVS67Y",3,3,0.333333333333333,0.333333333333333
"687","B008PYP0WQ",3,3,0.333333333333333,0.333333333333333
"688","B000GNOSHC",3,3,0.333333333333333,0.333333333333333
"689","B008NNY9C6",3,3,0.333333333333333,0.333333333333333
"690","6303123155.0",3,2.66666666666667,0.333333333333333,0.333333333333333
"691","B001GP5TPE",3,3,0.333333333333333,0.333333333333333
"692","B000VI6Y2O",3,3,0.333333333333333,0.333333333333333
"693","B000A2X3V6",3,3,0.333333333333333,0.333333333333333
"694","B00009L4TV",3,2,0.333333333333333,0.333333333333333
"695","B00005AADF",3,3,0.333333333333333,0.333333333333333
"696","B000WMEAL6",3,3,0.333333333333333,0.333333333333333
"697","B000GAKQH6",3,3,0.333333333333333,0.333333333333333
"698","B000A6LIOG",3,3,0.333333333333333,0.333333333333333
"699","B0002S65HM",3,3,0.333333333333333,0.333333333333333
"700","B000035Z5F",3,2.66666666666667,0.333333333333333,0.333333333333333
"701","B000O5B4GK",3,3,0.333333333333333,0.333333333333333
"702","B000RZQT58",3,2.66666666666667,0.333333333333333,0.333333333333333
"703","B00000IYPY",3,3,0.333333333333333,0.333333333333333
"704","B000006ELJ",3,2.66666666666667,0.333333333333333,0.333333333333333
"705","B004BF0DBG",3,2.66666666666667,0.333333333333333,0.333333333333333
"706","B002IRYYJ6",3,2,0.333333333333333,0.333333333333333
"707","B00006JMRZ",3,2.66666666666667,0.333333333333333,0.333333333333333
"708","B00701QTNY",3,3,0.333333333333333,0.333333333333333
"709","B002SKYOYI",3,2,0.333333333333333,0.333333333333333
"710","B000MGBM68",3,2.66666666666667,0.333333333333333,0.333333333333333
"711","B002AYSZQU",3,2,0.333333333333333,0.333333333333333
"712","B0032U3Q8S",3,2,0.333333333333333,0.333333333333333
"713","B003M780FA",3,2.66666666666667,0.333333333333333,0.333333333333333
"714","740312650.0",3,2.66666666666667,0.333333333333333,0.333333333333333
"715","6303247865.0",3,3,0.333333333333333,0.333333333333333
"716","B006JJ5LNC",3,3,0.333333333333333,0.333333333333333
"717","B000ESSSXE",3,2,0.333333333333333,0.333333333333333
"718","B00000IPGW",3,3,0.333333333333333,0.333333333333333
"719","6305951055.0",3,2,0.333333333333333,0.333333333333333
"720","B0017LGQVI",3,3,0.333333333333333,0.333333333333333
"721","6301599950.0",3,3,0.333333333333333,0.333333333333333
"722","B000EQ5SFC",3,2,0.333333333333333,0.333333333333333
"723","B00004YS68",3,2.66666666666667,0.333333333333333,0.333333333333333
"724","B0030Y11VU",3,3,0.333333333333333,0.333333333333333
"725","B001AR60HE",3,3,0.333333333333333,0.333333333333333
"726","6303910068.0",3,2.66666666666667,0.333333333333333,0.333333333333333
"727","B004GJYRK0",3,3,0.333333333333333,0.333333333333333
"728","B0001US7VS",3,2.66666666666667,0.333333333333333,0.333333333333333
"729","B002XAJL1E",3,2.66666666666667,0.333333333333333,0.333333333333333
"730","B000GAKJP0",3,3,0.333333333333333,0.333333333333333
"731","B0013D8LSG",3,3,0.333333333333333,0.333333333333333
"732","B000085RP1",3,3,0.333333333333333,0.333333333333333
"733","B000XUJ7Q0",3,3,0.333333333333333,0.333333333333333
"734","B00005UWC9",3,3,0.333333333333333,0.333333333333333
"735","B0007TKGO4",3,3,0.333333333333333,0.333333333333333
"736","B0006A9IR0",3,2.66666666666667,0.333333333333333,0.333333333333333
"737","B000IJVSV8",3,3,0.333333333333333,0.333333333333333
"738","8826294690.0",3,2.66666666666667,0.333333333333333,0.333333333333333
"739","B000003K5V",3,2,0.333333333333333,0.333333333333333
"740","B008QTTHP6",3,3,0.333333333333333,0.333333333333333
"741","B0083G6QIS",3,3,0.333333333333333,0.333333333333333
"742","B000053GY3",3,3,0.333333333333333,0.333333333333333
"743","B004XVMCF8",3,3,0.333333333333333,0.333333333333333
"744","B009329XQ8",3,2.66666666666667,0.333333333333333,0.333333333333333
"745","B001OTZORK",3,2.66666666666667,0.333333333333333,0.333333333333333
"746","B000006CU3",3,2.66666666666667,0.333333333333333,0.333333333333333
"747","B00000IPHL",3,3,0.333333333333333,0.333333333333333
"748","B002WNUVHU",3,3,0.333333333333333,0.333333333333333
"749","B000H0M420",3,2.66666666666667,0.333333333333333,0.333333333333333
"750","B000E0LLGS",3,2,0.333333333333333,0.333333333333333
"751","B000JMKJO6",3,2,0.333333333333333,0.333333333333333
"752","B000A4T8S6",3,3,0.333333333333333,0.333333333333333
"753","B00009PY34",3,3,0.333333333333333,0.333333333333333
"754","B001H20I3E",3,2,0.333333333333333,0.333333333333333
"755","967791006.0",3,3,0.333333333333333,0.333333333333333
"756","B0009G3BP6",3,2.66666666666667,0.333333333333333,0.333333333333333
"757","B000009DTI",3,2.66666666666667,0.333333333333333,0.333333333333333
"758","B000TKCFN6",3,3,0.333333333333333,0.333333333333333
"759","B00005AQ7U",3,3,0.333333333333333,0.333333333333333
"760","B0002NRRQ0",3,2,0.333333333333333,0.333333333333333
"761","B002AZ1MRS",3,2,0.333333333333333,0.333333333333333
"762","B002SQATN2",3,3,0.333333333333333,0.333333333333333
"763","6305239282.0",3,3,0.333333333333333,0.333333333333333
"764","B00004U5BP",3,2.66666666666667,0.333333333333333,0.333333333333333
"765","B002UJIY9S",3,3,0.333333333333333,0.333333333333333
"766","B000UX6NZS",3,2,0.333333333333333,0.333333333333333
"767","B0009XT8MO",3,3,0.333333333333333,0.333333333333333
"768","B000LSBXI4",3,2.66666666666667,0.333333333333333,0.333333333333333
"769","1931363064.0",3,2.66666666666667,0.333333333333333,0.333333333333333
"770","B004P7CNMC",3,3,0.333333333333333,0.333333333333333
"771","B0013TR4H4",3,2.66666666666667,0.333333333333333,0.333333333333333
"772","630102088X",3,2,0.333333333333333,0.333333333333333
"773","B000CNDJNU",3,2.66666666666667,0.333333333333333,0.333333333333333
"774","6305573832.0",3,3,0.333333333333333,0.333333333333333
"775","B00008G8XF",3,3,0.333333333333333,0.333333333333333
"776","B0001MIK6I",3,3,0.333333333333333,0.333333333333333
"777","B0000TQS98",3,2.66666666666667,0.333333333333333,0.333333333333333
"778","B001LNOKN8",3,3,0.333333333333333,0.333333333333333
"779","B00005UWBT",3,3,0.333333333333333,0.333333333333333
"780","6304510772.0",3,2,0.333333333333333,0.333333333333333
"781","B00005REEX",3,2,0.333333333333333,0.333333333333333
"782","B0002OXUXI",3,3,0.333333333333333,0.333333333333333
"783","B000BGQUI4",3,3,0.333333333333333,0.333333333333333
"784","B0013KRY50",3,3,0.333333333333333,0.333333333333333
"785","B0002HODLS",3,2,0.333333333333333,0.333333333333333
"786","B000NOKF80",3,2,0.333333333333333,0.333333333333333
"787","B004FVTVVY",3,3,0.333333333333333,0.333333333333333
"788","B00004RMSZ",3,3,0.333333333333333,0.333333333333333
"789","B000BT999S",3,2.66666666666667,0.333333333333333,0.333333333333333
"790","630223736X",3,3,0.333333333333333,0.333333333333333
"791","1575233517.0",3,3,0.333333333333333,0.333333333333333
"792","6303622828.0",3,2.66666666666667,0.333333333333333,0.333333333333333
"793","B000H8RZQC",3,3,0.333333333333333,0.333333333333333
"794","B002JECT4A",3,2,0.333333333333333,0.333333333333333
"795","B00063E778",3,3,0.333333333333333,0.333333333333333
"796","B004SEUJDM",3,3,0.333333333333333,0.333333333333333
"797","B00006SFMI",3,3,0.333333333333333,0.333333333333333
"798","B00006SFMO",3,2.66666666666667,0.333333333333333,0.333333333333333
"799","B000E991MA",3,3,0.333333333333333,0.333333333333333
"800","B003BWQENG",3,2.66666666666667,0.333333333333333,0.333333333333333
"801","B0000DZ3H8",3,3,0.333333333333333,0.333333333333333
"802","B0009QYGLY",3,3,0.333333333333333,0.333333333333333
"803","B000A2XBIG",3,3,0.333333333333333,0.333333333333333
"804","B00004WGBA",3,3,0.333333333333333,0.333333333333333
"805","B000P7VA20",3,2.66666666666667,0.333333333333333,0.333333333333333
"806","966207416.0",3,3,0.333333333333333,0.333333333333333
"807","B0010YSDC2",3,2.66666666666667,0.333333333333333,0.333333333333333
"808","B003R9K0FQ",3,2.66666666666667,0.333333333333333,0.333333333333333
"809","6304653573.0",3,2.66666666666667,0.333333333333333,0.333333333333333
"810","B0079KKJ3M",3,3,0.333333333333333,0.333333333333333
"811","B00007ELKS",3,2,0.333333333333333,0.333333333333333
"812","B000066CVH",3,2.66666666666667,0.333333333333333,0.333333333333333
"813","B00004STRR",3,3,0.333333333333333,0.333333333333333
"814","B001P9V94Q",3,3,0.333333333333333,0.333333333333333
"815","B0000VLA76",3,2,0.333333333333333,0.333333333333333
"816","6303434053.0",3,2.66666666666667,0.333333333333333,0.333333333333333
"817","B00004WIDL",3,2.66666666666667,0.333333333333333,0.333333333333333
"818","B000MX7V6G",3,3,0.333333333333333,0.333333333333333
"819","B00104AYOW",3,3,0.333333333333333,0.333333333333333
"820","B0001M7OH4",3,3,0.333333333333333,0.333333333333333
"821","764430165.0",3,3,0.333333333333333,0.333333333333333
"822","B00022XEFO",3,2.66666666666667,0.333333333333333,0.333333333333333
"823","B000009Q6G",3,3,0.333333333333333,0.333333333333333
"824","6305104867.0",3,2.66666666666667,0.333333333333333,0.333333333333333
"825","B005C6BGT6",3,3,0.333333333333333,0.333333333333333
"826","B004AGMXTG",3,2.66666666666667,0.333333333333333,0.333333333333333
"827","B000BFH2I2",3,3,0.333333333333333,0.333333333333333
"828","6304898339.0",3,3,0.333333333333333,0.333333333333333
"829","B0000DC13S",3,3,0.333333333333333,0.333333333333333
"830","B00064XQUQ",3,3,0.333333333333333,0.333333333333333
"831","1561270741.0",3,3,0.333333333333333,0.333333333333333
"832","B000O7863M",3,2,0.333333333333333,0.333333333333333
"833","6303005144.0",3,3,0.333333333333333,0.333333333333333
"834","B007B9Q4RG",3,2,0.333333333333333,0.333333333333333
"835","B0045XGLL0",3,2,0.333333333333333,0.333333333333333
"836","B00000FZK0",3,3,0.333333333333333,0.333333333333333
"837","6302801079.0",3,3,0.333333333333333,0.333333333333333
"838","B00024E69K",3,3,0.333333333333333,0.333333333333333
"839","B000V1Y46O",3,3,0.333333333333333,0.333333333333333
"840","B0014D5QU6",3,3,0.333333333333333,0.333333333333333
"841","B00063QDD4",3,2,0.333333333333333,0.333333333333333
"842","B00063MCY8",3,3,0.333333333333333,0.333333333333333
"843","B00013F394",3,2.66666666666667,0.333333333333333,0.333333333333333
"844","B0011QCA1E",3,3,0.333333333333333,0.333333333333333
"845","B0013D8LZY",3,3,0.333333333333333,0.333333333333333
"846","B00030LP0G",3,2,0.333333333333333,0.333333333333333
"847","B00005NQGT",3,3,0.333333333333333,0.333333333333333
"848","B003ML88M6",3,2.66666666666667,0.333333333333333,0.333333333333333
"849","B00005AAD2",3,3,0.333333333333333,0.333333333333333
"850","5553601401.0",3,2.66666666666667,0.333333333333333,0.333333333333333
"851","B007TSV4EW",3,2.66666666666667,0.333333333333333,0.333333333333333
"852","B000BRMMIU",3,3,0.333333333333333,0.333333333333333
"853","B00004RERM",3,3,0.333333333333333,0.333333333333333
"854","6302878551.0",3,3,0.333333333333333,0.333333333333333
"855","B000HEYTB0",3,3,0.333333333333333,0.333333333333333
"856","B000I5XCUW",3,2,0.333333333333333,0.333333333333333
"857","B006TM41DA",3,2.66666666666667,0.333333333333333,0.333333333333333
"858","B00005N8A6",3,2,0.333333333333333,0.333333333333333
"859","B00005MFIE",3,2,0.333333333333333,0.333333333333333
"860","B001PU38CQ",3,3,0.333333333333333,0.333333333333333
"861","B003VOVW86",3,2,0.333333333333333,0.333333333333333
"862","6305071233.0",3,3,0.333333333333333,0.333333333333333
"863","6304811810.0",3,2.66666666666667,0.333333333333333,0.333333333333333
"864","B0000VLL70",3,2,0.333333333333333,0.333333333333333
"865","B00080EV9S",3,3,0.333333333333333,0.333333333333333
"866","B00004XPRF",3,2,0.333333333333333,0.333333333333333
"867","B000CQLZ60",3,2,0.333333333333333,0.333333333333333
"868","B000KWZ1QG",3,3,0.333333333333333,0.333333333333333
"869","B002A63PE0",3,2,0.333333333333333,0.333333333333333
"870","B004TP55QQ",3,2.66666666666667,0.333333333333333,0.333333333333333
"871","B000I205OG",3,3,0.333333333333333,0.333333333333333
"872","B003RLD71S",3,3,0.333333333333333,0.333333333333333
"873","6303640419.0",3,2,0.333333333333333,0.333333333333333
"874","B004T1RARC",3,3,0.333333333333333,0.333333333333333
"875","B00009PJT6",3,2.66666666666667,0.333333333333333,0.333333333333333
"876","B007DDXYL4",3,3,0.333333333333333,0.333333333333333
"877","B000FGYLJA",3,2.66666666666667,0.333333333333333,0.333333333333333
"878","B000S398P2",3,2,0.333333333333333,0.333333333333333
"879","B00000G0B7",3,2.66666666666667,0.333333333333333,0.333333333333333
"880","B00005UWCP",3,3,0.333333333333333,0.333333333333333
"881","6305972214.0",3,2.66666666666667,0.333333333333333,0.333333333333333
"882","B0047WMPXC",3,2,0.333333333333333,0.333333333333333
"883","B0000687FZ",3,2.66666666666667,0.333333333333333,0.333333333333333
"884","B00029NKSI",3,2,0.333333333333333,0.333333333333333
"885","B00008VFC8",3,3,0.333333333333333,0.333333333333333
"886","B000NQ28R4",3,2,0.333333333333333,0.333333333333333
"887","B006ZV6WN2",3,3,0.333333333333333,0.333333333333333
"888","B000GTLQU8",3,2,0.333333333333333,0.333333333333333
"889","738920320.0",3,3,0.333333333333333,0.333333333333333
"890","B0000560UY",3,3,0.333333333333333,0.333333333333333
"891","B0000560UZ",3,3,0.333333333333333,0.333333333333333
"892","6304877536.0",3,3,0.333333333333333,0.333333333333333
"893","B00167ZNG2",3,3,0.333333333333333,0.333333333333333
"894","B000LAZDO2",3,3,0.333333333333333,0.333333333333333
"895","B001AWE558",3,3,0.333333333333333,0.333333333333333
"896","B0016GON3M",3,2.66666666666667,0.333333333333333,0.333333333333333
"897","B00008L3XY",3,2.66666666666667,0.333333333333333,0.333333333333333
"898","B000BC8SZQ",3,2,0.333333333333333,0.333333333333333
"899","B00004RRRB",3,2.66666666666667,0.333333333333333,0.333333333333333
"900","B000F4TMEG",3,3,0.333333333333333,0.333333333333333
"901","B000HXDWQ4",3,2.66666666666667,0.333333333333333,0.333333333333333
"902","B001V9H2M8",3,3,0.333333333333333,0.333333333333333
"903","B000H1RFGY",3,2,0.333333333333333,0.333333333333333
"904","B0077EA886",3,3,0.333333333333333,0.333333333333333
"905","B001EGG5Q2",3,2.66666666666667,0.333333333333333,0.333333333333333
"906","B002B55QMY",3,3,0.333333333333333,0.333333333333333
"907","B001HHMJTU",3,3,0.333333333333333,0.333333333333333
"908","B00151QYDA",3,3,0.333333333333333,0.333333333333333
"909","B000NJMJVG",3,2.66666666666667,0.333333333333333,0.333333333333333
"910","B000059HFR",3,2.66666666666667,0.333333333333333,0.333333333333333
"911","6302913896.0",3,3,0.333333333333333,0.333333333333333
"912","B0011ATJZA",3,3,0.333333333333333,0.333333333333333
"913","B000A6T1WM",3,3,0.333333333333333,0.333333333333333
"914","B0009DWW4K",3,3,0.333333333333333,0.333333333333333
"915","B000B64TNC",3,3,0.333333333333333,0.333333333333333
"916","6304078587.0",3,3,0.333333333333333,0.333333333333333
"917","B0071BY1P6",3,3,0.333333333333333,0.333333333333333
"918","B001AK3S8U",3,2,0.333333333333333,0.333333333333333
"919","B00004STRJ",3,3,0.333333333333333,0.333333333333333
"920","B00004STRL",3,3,0.333333333333333,0.333333333333333
"921","B00004STRV",3,3,0.333333333333333,0.333333333333333
"922","B00004STRU",3,3,0.333333333333333,0.333333333333333
"923","B000K2UW5G",3,3,0.333333333333333,0.333333333333333
"924","B0002MFG96",3,3,0.333333333333333,0.333333333333333
"925","B000FSLMFE",3,3,0.333333333333333,0.333333333333333
"926","B002OKRGIS",3,2,0.333333333333333,0.333333333333333
"927","B004IY1AUS",3,3,0.333333333333333,0.333333333333333
"928","B00005M2CI",3,3,0.333333333333333,0.333333333333333
"929","630546670X",3,2.66666666666667,0.333333333333333,0.333333333333333
"930","1573470953.0",3,2.66666666666667,0.333333333333333,0.333333333333333
"931","6302906261.0",3,3,0.333333333333333,0.333333333333333
"932","B000E1OID0",3,3,0.333333333333333,0.333333333333333
"933","6301900995.0",3,2,0.333333333333333,0.333333333333333
"934","6302842352.0",3,3,0.333333333333333,0.333333333333333
"935","B007HOQ5GU",3,3,0.333333333333333,0.333333333333333
"936","6303637558.0",3,2.66666666666667,0.333333333333333,0.333333333333333
"937","6302957397.0",3,3,0.333333333333333,0.333333333333333
"938","6304132565.0",3,2,0.333333333333333,0.333333333333333
"939","B000I2JCCW",3,3,0.333333333333333,0.333333333333333
"940","B00005BJVI",3,2.66666666666667,0.333333333333333,0.333333333333333
"941","B00101JKJU",3,2.66666666666667,0.333333333333333,0.333333333333333
"942","B0023SV4TS",3,2.66666666666667,0.333333333333333,0.333333333333333
"943","B00000JL4I",3,3,0.333333333333333,0.333333333333333
"944","B00000FE0H",3,3,0.333333333333333,0.333333333333333
"945","B001ELXT4I",3,2.66666666666667,0.333333333333333,0.333333333333333
"946","B003TNS3I6",3,2.66666666666667,0.333333333333333,0.333333333333333
"947","B000784XQ2",3,3,0.333333333333333,0.333333333333333
"948","B00000IBW4",3,2.66666666666667,0.333333333333333,0.333333333333333
"949","6304078609.0",3,3,0.333333333333333,0.333333333333333
"950","B0001IXTVS",3,3,0.333333333333333,0.333333333333333
"951","B005DA16DC",3,2.66666666666667,0.333333333333333,0.333333333333333
"952","B0009CTUFU",3,2.66666666666667,0.333333333333333,0.333333333333333
"953","B000I8OOQK",3,2.66666666666667,0.333333333333333,0.333333333333333
"954","B00166FBVA",3,3,0.333333333333333,0.333333333333333
"955","B000035P6H",3,3,0.333333333333333,0.333333333333333
"956","B00317O12C",3,2.66666666666667,0.333333333333333,0.333333333333333
"957","B004VWXGFO",3,2.66666666666667,0.333333333333333,0.333333333333333
"958","6305472351.0",3,2.66666666666667,0.333333333333333,0.333333333333333
"959","B00004RFDC",3,3,0.333333333333333,0.333333333333333
"960","B000HEWESA",3,3,0.333333333333333,0.333333333333333
"961","B0082JVXSE",3,2.66666666666667,0.333333333333333,0.333333333333333
"962","B0027FG1KY",3,2.66666666666667,0.333333333333333,0.333333333333333
"963","B0001A7V06",3,3,0.333333333333333,0.333333333333333
"964","B0009WPL3U",3,2,0.333333333333333,0.333333333333333
"965","B000BMCY2O",3,2.66666666666667,0.333333333333333,0.333333333333333
"966","B00009YXEA",3,2.66666666666667,0.333333333333333,0.333333333333333
"967","B003BWQEEA",3,3,0.333333333333333,0.333333333333333
"968","B00632KSH4",3,2.66666666666667,0.333333333333333,0.333333333333333
"969","6305395934.0",3,3,0.333333333333333,0.333333333333333
"970","B0000AZT6C",3,2.66666666666667,0.333333333333333,0.333333333333333
"971","B0000AZT6B",3,2.66666666666667,0.333333333333333,0.333333333333333
"972","B00008G383",3,2,0.333333333333333,0.333333333333333
"973","B0002JAP7C",3,3,0.333333333333333,0.333333333333333
"974","B0037X5BQ0",3,2.66666666666667,0.333333333333333,0.333333333333333
"975","B00013RC3Y",3,2.66666666666667,0.333333333333333,0.333333333333333
"976","B00004RF2M",3,2.66666666666667,0.333333333333333,0.333333333333333
"977","B00006BSHL",3,2,0.333333333333333,0.333333333333333
"978","B00008DDXQ",3,2.66666666666667,0.333333333333333,0.333333333333333
"979","B003VC6F12",3,3,0.333333333333333,0.333333333333333
"980","B000ILZ6FK",3,2.66666666666667,0.333333333333333,0.333333333333333
"981","B000007PAE",3,2,0.333333333333333,0.333333333333333
"982","B00013WWQQ",3,3,0.333333333333333,0.333333333333333
"983","B001U418VU",3,3,0.333333333333333,0.333333333333333
"984","6305969094.0",3,3,0.333333333333333,0.333333333333333
"985","B000058529",3,2.66666666666667,0.333333333333333,0.333333333333333
"986","B000C20VJ6",3,3,0.333333333333333,0.333333333333333
"987","B001P68WHG",3,2.66666666666667,0.333333333333333,0.333333333333333
"988","B000VA2YPS",3,2,0.333333333333333,0.333333333333333
"989","B0002HOE7G",3,2,0.333333333333333,0.333333333333333
"990","6305248176.0",3,2.66666666666667,0.333333333333333,0.333333333333333
"991","B001AOW6RK",3,2.66666666666667,0.333333333333333,0.333333333333333
"992","B004RJZ9CY",3,3,0.333333333333333,0.333333333333333
"993","B0018O3P4A",3,3,0.333333333333333,0.333333333333333
"994","B001ISRJQG",3,2.66666666666667,0.333333333333333,0.333333333333333
"995","B002ACDAGM",3,2.66666666666667,0.333333333333333,0.333333333333333
"996","B0002VEWQK",3,2.66666666666667,0.333333333333333,0.333333333333333
"997","B00009KTYS",3,2,0.333333333333333,0.333333333333333
"998","B00009KTYQ",3,2,0.333333333333333,0.333333333333333
"999","6303486738.0",3,2.66666666666667,0.333333333333333,0.333333333333333
"1000","B000LV63R2",3,2.66666666666667,0.333333333333333,0.333333333333333
"1001","630362586X",3,3,0.333333333333333,0.333333333333333
"1002","B000QXDCK6",3,3,0.333333333333333,0.333333333333333
"1003","B000GAKFUO",3,2,0.333333333333333,0.333333333333333
"1004","B0043KYU9A",3,3,0.333333333333333,0.333333333333333
"1005","B000R3PDCK",3,3,0.333333333333333,0.333333333333333
"1006","B0001JXORQ",3,3,0.333333333333333,0.333333333333333
"1007","B002JKGDR8",3,2,0.333333333333333,0.333333333333333
"1008","B000E1ZJAG",3,2,0.333333333333333,0.333333333333333
"1009","B00000JLTS",3,3,0.333333333333333,0.333333333333333
"1010","B0007LFPSE",3,3,0.333333333333333,0.333333333333333
"1011","B000LPS4EI",3,3,0.333333333333333,0.333333333333333
"1012","B004QSQMOU",3,3,0.333333333333333,0.333333333333333
"1013","B000FMGTPI",3,3,0.333333333333333,0.333333333333333
"1014","B000OVLMMA",3,2.66666666666667,0.333333333333333,0.333333333333333
"1015","B000KHX7KI",3,3,0.333333333333333,0.333333333333333
"1016","B003TNS3G8",3,2.66666666666667,0.333333333333333,0.333333333333333
"1017","5554663672.0",3,2,0.333333333333333,0.333333333333333
"1018","B0001BMMA4",3,2,0.333333333333333,0.333333333333333
"1019","B002HE4CN8",3,2.66666666666667,0.333333333333333,0.333333333333333
"1020","6301666488.0",3,2,0.333333333333333,0.333333333333333
"1021","B003VOVW4U",3,2,0.333333333333333,0.333333333333333
"1022","B005ADR2S0",3,2.66666666666667,0.333333333333333,0.333333333333333
"1023","B000CNGC9S",3,2.66666666666667,0.333333333333333,0.333333333333333
"1024","B002RB56WW",3,2,0.333333333333333,0.333333333333333
"1025","B000NQQ4RE",3,2.66666666666667,0.333333333333333,0.333333333333333
"1026","B000W7GQPY",3,3,0.333333333333333,0.333333333333333
"1027","B000JK8O7M",3,2.66666666666667,0.333333333333333,0.333333333333333
"1028","B000LC4Z9Y",3,2.66666666666667,0.333333333333333,0.333333333333333
"1029","6305759952.0",3,2,0.333333333333333,0.333333333333333
"1030","B000LP5FEU",3,2,0.333333333333333,0.333333333333333
"1031","B000FIHNAM",3,3,0.333333333333333,0.333333333333333
"1032","792147405.0",3,2.66666666666667,0.333333333333333,0.333333333333333
"1033","6303365027.0",3,3,0.333333333333333,0.333333333333333
"1034","B007SZCX8W",3,2,0.333333333333333,0.333333333333333
"1035","B000BGH2K4",3,2.66666666666667,0.333333333333333,0.333333333333333
"1036","6300142272.0",3,2.66666666666667,0.333333333333333,0.333333333333333
"1037","B003V19CLI",3,2,0.333333333333333,0.333333333333333
"1038","B006HGXGXE",3,3,0.333333333333333,0.333333333333333
"1039","B001G9GXXM",3,2.66666666666667,0.333333333333333,0.333333333333333
"1040","B0045XO1TY",3,2,0.333333333333333,0.333333333333333
"1041","6303925863.0",3,3,0.333333333333333,0.333333333333333
"1042","B0000B1OCT",3,2.66666666666667,0.333333333333333,0.333333333333333
"1043","B001LNOMN6",3,2,0.333333333333333,0.333333333333333
"1044","B00000F4WA",3,2.66666666666667,0.333333333333333,0.333333333333333
"1045","B002ID0976",3,3,0.333333333333333,0.333333333333333
"1046","B006LZCIQ2",3,2.66666666666667,0.333333333333333,0.333333333333333
"1047","6302374219.0",3,2.66666666666667,0.333333333333333,0.333333333333333
"1048","B000E8NRP8",3,2,0.333333333333333,0.333333333333333
"1049","6302715628.0",3,2.66666666666667,0.333333333333333,0.333333333333333
"1050","6304765878.0",3,2,0.333333333333333,0.333333333333333
"1051","B002I2PHZ6",3,3,0.333333333333333,0.333333333333333
"1052","B000EHSVUK",3,2.66666666666667,0.333333333333333,0.333333333333333
"1053","B000641YZU",3,2,0.333333333333333,0.333333333333333
"1054","B000053UWN",3,2,0.333333333333333,0.333333333333333
"1055","B000A2IP6Y",3,2.66666666666667,0.333333333333333,0.333333333333333
"1056","B00005N5RU",3,2.66666666666667,0.333333333333333,0.333333333333333
"1057","B000EWBO3Q",3,3,0.333333333333333,0.333333333333333
"1058","630019888X",3,2.66666666666667,0.333333333333333,0.333333333333333
"1059","B0001HK0UW",3,2.66666666666667,0.333333333333333,0.333333333333333
"1060","B00522MVOO",3,2.66666666666667,0.333333333333333,0.333333333333333
"1061","B00009P9V9",3,3,0.333333333333333,0.333333333333333
"1062","B00000ILFD",3,3,0.333333333333333,0.333333333333333
"1063","6303162517.0",3,2.66666666666667,0.333333333333333,0.333333333333333
"1064","B0000507O9",3,2,0.333333333333333,0.333333333333333
"1065","B00005OCKO",3,3,0.333333333333333,0.333333333333333
"1066","6303032214.0",3,2.66666666666667,0.333333333333333,0.333333333333333
"1067","B000W7FCM2",3,2,0.333333333333333,0.333333333333333
"1068","B000087F6K",3,3,0.333333333333333,0.333333333333333
"1069","B000087F6J",3,3,0.333333333333333,0.333333333333333
"1070","1567301681.0",3,3,0.333333333333333,0.333333333333333
"1071","B0017LKIBM",3,3,0.333333333333333,0.333333333333333
"1072","6302033578.0",3,2.66666666666667,0.333333333333333,0.333333333333333
"1073","B002SKYONO",3,2,0.333333333333333,0.333333333333333
"1074","B000E991NY",3,3,0.333333333333333,0.333333333333333
"1075","B002OIMVNU",3,2.66666666666667,0.333333333333333,0.333333333333333
"1076","6303341233.0",3,3,0.333333333333333,0.333333333333333
"1077","B0002UB2XM",3,3,0.333333333333333,0.333333333333333
"1078","B004LWZLFC",3,3,0.333333333333333,0.333333333333333
"1079","B000PFUBLI",3,2,0.333333333333333,0.333333333333333
"1080","B001H9MLP0",3,3,0.333333333333333,0.333333333333333
"1081","B001I82RWC",3,2.66666666666667,0.333333333333333,0.333333333333333
"1082","B0002DVA72",3,2.66666666666667,0.333333333333333,0.333333333333333
"1083","B00005ASPG",3,2.66666666666667,0.333333333333333,0.333333333333333
"1084","B002N1AEW8",3,2.66666666666667,0.333333333333333,0.333333333333333
"1085","B0029D8YBS",3,2,0.333333333333333,0.333333333333333
"1086","B00006SFKQ",3,2,0.333333333333333,0.333333333333333
"1087","B004VGGZCG",3,3,0.333333333333333,0.333333333333333
"1088","B000SUKPPC",3,3,0.333333333333333,0.333333333333333
"1089","B00654P57S",3,2,0.333333333333333,0.333333333333333
"1090","B0007MTWTQ",3,3,0.333333333333333,0.333333333333333
"1091","B000UYX4OA",3,2,0.333333333333333,0.333333333333333
"1092","1573629383.0",3,2,0.333333333333333,0.333333333333333
"1093","B000JLSPSE",3,3,0.333333333333333,0.333333333333333
"1094","B00005QY8Q",3,2,0.333333333333333,0.333333333333333
"1095","B000TXNDRA",3,2,0.333333333333333,0.333333333333333
"1096","B0002ZDWTE",3,2.66666666666667,0.333333333333333,0.333333333333333
"1097","630151937X",3,3,0.333333333333333,0.333333333333333
"1098","B00005AVZQ",3,2.66666666666667,0.333333333333333,0.333333333333333
"1099","B000ZNMPVO",3,2,0.333333333333333,0.333333333333333
"1100","B0041OMC0C",3,2.66666666666667,0.333333333333333,0.333333333333333
"1101","B000IOM3MG",3,3,0.333333333333333,0.333333333333333
"1102","B001H1SW38",3,2,0.333333333333333,0.333333333333333
"1103","B00932ABOG",3,2.66666666666667,0.333333333333333,0.333333333333333
"1104","B00006G8G6",3,2.66666666666667,0.333333333333333,0.333333333333333
"1105","898706947.0",3,2.66666666666667,0.333333333333333,0.333333333333333
"1106","B001AD6UF0",3,2.66666666666667,0.333333333333333,0.333333333333333
"1107","6305473307.0",3,3,0.333333333333333,0.333333333333333
"1108","B00022XEF4",3,2.66666666666667,0.333333333333333,0.333333333333333
"1109","B003BLISP4",3,2.66666666666667,0.333333333333333,0.333333333333333
"1110","B00004TFK5",3,3,0.333333333333333,0.333333333333333
"1111","B0002C9D8Q",3,2.66666666666667,0.333333333333333,0.333333333333333
"1112","B000YDBP2U",3,2.66666666666667,0.333333333333333,0.333333333333333
"1113","B002GWDK6G",3,2.66666666666667,0.333333333333333,0.333333333333333
"1114","B000006CYI",3,2.66666666666667,0.333333333333333,0.333333333333333
"1115","B00004RQYP",3,2.66666666666667,0.333333333333333,0.333333333333333
"1116","1881133117.0",3,2,0.333333333333333,0.333333333333333
"1117","B002YM5S22",3,2.66666666666667,0.333333333333333,0.333333333333333
"1118","B002PI1NTW",3,2.66666666666667,0.333333333333333,0.333333333333333
"1119","6301293487.0",3,2.66666666666667,0.333333333333333,0.333333333333333
"1120","B0000634KC",3,2.66666666666667,0.333333333333333,0.333333333333333
"1121","B000009RZP",3,3,0.333333333333333,0.333333333333333
"1122","B0076YFJ3G",3,3,0.333333333333333,0.333333333333333
"1123","B0001DMY0A",3,2.66666666666667,0.333333333333333,0.333333333333333
"1124","B00000F0YN",3,3,0.333333333333333,0.333333333333333
"1125","B0002GTXA0",3,3,0.333333333333333,0.333333333333333
"1126","B000MGVCZY",3,2.66666666666667,0.333333333333333,0.333333333333333
"1127","6302676886.0",3,3,0.333333333333333,0.333333333333333
"1128","B0000DJZ9Z",3,3,0.333333333333333,0.333333333333333
"1129","B002I7REC0",3,2,0.333333333333333,0.333333333333333
"1130","B001E2N61S",3,2,0.333333333333333,0.333333333333333
"1131","B000E5KUI8",3,2,0.333333333333333,0.333333333333333
"1132","B00080ETLI",3,3,0.333333333333333,0.333333333333333
"1133","B000063JZJ",3,2.66666666666667,0.333333333333333,0.333333333333333
"1134","6305759995.0",3,2,0.333333333333333,0.333333333333333
"1135","B005IGHS5G",3,2.66666666666667,0.333333333333333,0.333333333333333
"1136","B0018ZROD2",3,2,0.333333333333333,0.333333333333333
"1137","B00000F1MI",3,3,0.333333333333333,0.333333333333333
"1138","B0009PW3TW",3,2,0.333333333333333,0.333333333333333
"1139","B001VG2MBC",3,3,0.333333333333333,0.333333333333333
"1140","B003RLD7DG",3,3,0.333333333333333,0.333333333333333
"1141","B002X9XWLA",3,3,0.333333333333333,0.333333333333333
"1142","B000MG2LOA",3,2.66666666666667,0.333333333333333,0.333333333333333
"1143","B00011ZBAM",3,2.66666666666667,0.333333333333333,0.333333333333333
"1144","B00006SFJJ",3,2.66666666666667,0.333333333333333,0.333333333333333
"1145","B00006SFJE",3,3,0.333333333333333,0.333333333333333
"1146","B000098ZT3",3,3,0.333333333333333,0.333333333333333
"1147","B000G0O59Q",3,2.66666666666667,0.333333333333333,0.333333333333333
"1148","B001PF5D7E",3,2.66666666666667,0.333333333333333,0.333333333333333
"1149","B006LZCHVI",3,2.66666666666667,0.333333333333333,0.333333333333333
"1150","6302168252.0",3,2.66666666666667,0.333333333333333,0.333333333333333
"1151","B000035Z33",3,2,0.333333333333333,0.333333333333333
"1152","B002UX6IHY",3,3,0.333333333333333,0.333333333333333
"1153","B0006H31WQ",3,3,0.333333333333333,0.333333333333333
"1154","B000BITU1G",3,3,0.333333333333333,0.333333333333333
"1155","B002ZRX9AE",3,2,0.333333333333333,0.333333333333333
"1156","B001C4ZQJ8",3,2.66666666666667,0.333333333333333,0.333333333333333
"1157","B00004W5SZ",3,2.66666666666667,0.333333333333333,0.333333333333333
"1158","630487281X",3,3,0.333333333333333,0.333333333333333
"1159","B00005B1XD",3,2.66666666666667,0.333333333333333,0.333333333333333
"1160","B000EWBNZ0",3,2.66666666666667,0.333333333333333,0.333333333333333
"1161","B000XSWVE2",3,2.66666666666667,0.333333333333333,0.333333333333333
"1162","B0010BDDS4",3,3,0.333333333333333,0.333333333333333
"1163","B000WPJSW4",3,2,0.333333333333333,0.333333333333333
"1164","B001FXG2DU",3,2,0.333333333333333,0.333333333333333
"1165","B0007UZMYM",3,3,0.333333333333333,0.333333333333333
"1166","B00005RY9Y",3,2.66666666666667,0.333333333333333,0.333333333333333
"1167","B000B5XPAQ",3,2,0.333333333333333,0.333333333333333
"1168","B0000BZNH4",3,3,0.333333333333333,0.333333333333333
"1169","B003KYYIRE",3,2.66666666666667,0.333333333333333,0.333333333333333
"1170","6300983439.0",3,3,0.333333333333333,0.333333333333333
"1171","B00005UW9K",3,3,0.333333333333333,0.333333333333333
"1172","B002LQ53AI",3,2.66666666666667,0.333333333333333,0.333333333333333
"1173","B00007ELF3",3,2,0.333333333333333,0.333333333333333
"1174","1569941165.0",3,2.66666666666667,0.333333333333333,0.333333333333333
"1175","B0042QXMEO",3,3,0.333333333333333,0.333333333333333
"1176","B00004YS67",3,2.66666666666667,0.333333333333333,0.333333333333333
"1177","B0009GV9DC",3,3,0.333333333333333,0.333333333333333
"1178","6302731259.0",3,2.66666666666667,0.333333333333333,0.333333333333333
"1179","B004HP5Y3M",3,2.66666666666667,0.333333333333333,0.333333333333333
"1180","B003177HBO",3,2.66666666666667,0.333333333333333,0.333333333333333
"1181","B0045ZAQRS",3,2.66666666666667,0.333333333333333,0.333333333333333
"1182","B000QTD6N8",3,3,0.333333333333333,0.333333333333333
"1183","B00028G6GM",3,3,0.333333333333333,0.333333333333333
"1184","B000W8LCRA",3,2.66666666666667,0.333333333333333,0.333333333333333
"1185","B00005QFEJ",3,3,0.333333333333333,0.333333333333333
"1186","B001KMB7RW",3,2.66666666666667,0.333333333333333,0.333333333333333
"1187","B000EOTU30",3,3,0.333333333333333,0.333333333333333
"1188","6305239347.0",3,3,0.333333333333333,0.333333333333333
"1189","B000ID4D7U",3,2.66666666666667,0.333333333333333,0.333333333333333
"1190","B0007OP1FI",3,2.66666666666667,0.333333333333333,0.333333333333333
"1191","B002I7K5U8",3,2,0.333333333333333,0.333333333333333
"1192","B001G6ZX1S",3,2.66666666666667,0.333333333333333,0.333333333333333
"1193","B004WD1JAQ",3,3,0.333333333333333,0.333333333333333
"1194","B000FZEU1U",3,3,0.333333333333333,0.333333333333333
"1195","B0002DB536",3,2.66666666666667,0.333333333333333,0.333333333333333
"1196","B0010ZDY1G",3,2,0.333333333333333,0.333333333333333
"1197","B000066765",3,2.66666666666667,0.333333333333333,0.333333333333333
"1198","B001GCVJTW",3,2.66666666666667,0.333333333333333,0.333333333333333
"1199","B000IB83VY",3,3,0.333333333333333,0.333333333333333
"1200","B000UL611Q",3,2,0.333333333333333,0.333333333333333
"1201","B001W7Z4JM",3,2.66666666666667,0.333333333333333,0.333333333333333
"1202","B000J5320Q",3,2,0.333333333333333,0.333333333333333
"1203","B004U7EIZW",3,3,0.333333333333333,0.333333333333333
"1204","B000LE0SSO",3,2,0.333333333333333,0.333333333333333
"1205","B0039ZF85K",3,2.66666666666667,0.333333333333333,0.333333333333333
"1206","B0037ODT7W",3,2.66666666666667,0.333333333333333,0.333333333333333
"1207","B003Y5QSYK",3,3,0.333333333333333,0.333333333333333
"1208","6303327958.0",3,2.66666666666667,0.333333333333333,0.333333333333333
"1209","B004TP55XY",3,3,0.333333333333333,0.333333333333333
"1210","B000MGUZ66",3,3,0.333333333333333,0.333333333333333
"1211","B000IT1Y9Y",3,2.66666666666667,0.333333333333333,0.333333333333333
"1212","B00004CW41",3,3,0.333333333333333,0.333333333333333
"1213","B000CR7R98",3,2,0.333333333333333,0.333333333333333
"1214","B003Z8ZCCK",3,3,0.333333333333333,0.333333333333333
"1215","B006WA0DT0",3,2.66666666666667,0.333333333333333,0.333333333333333
"1216","B000NVI0EO",3,2.66666666666667,0.333333333333333,0.333333333333333
"1217","B000FJTV9M",3,2.66666666666667,0.333333333333333,0.333333333333333
"1218","B000U7CZA6",3,2.66666666666667,0.333333333333333,0.333333333333333
"1219","B000LW7KZK",3,3,0.333333333333333,0.333333333333333
"1220","B00005RYRV",3,2.66666666666667,0.333333333333333,0.333333333333333
"1221","B00005RYRW",3,2.66666666666667,0.333333333333333,0.333333333333333
"1222","B0017LD9TU",3,2,0.333333333333333,0.333333333333333
"1223","B002B7AL8G",3,2,0.333333333333333,0.333333333333333
"1224","B00005OCR4",3,2.66666666666667,0.333333333333333,0.333333333333333
"1225","6305239371.0",3,3,0.333333333333333,0.333333333333333
"1226","B00005RIYU",3,2,0.333333333333333,0.333333333333333
"1227","B002T6I5FU",3,3,0.333333333333333,0.333333333333333
"1228","6303320422.0",3,3,0.333333333333333,0.333333333333333
"1229","B006JJ4YZ8",3,3,0.333333333333333,0.333333333333333
"1230","B000IOM3M6",3,3,0.333333333333333,0.333333333333333
"1231","B004ZVSCLO",3,2.66666666666667,0.333333333333333,0.333333333333333
"1232","B00029X074",3,2.66666666666667,0.333333333333333,0.333333333333333
"1233","B0007LFQ5G",3,2.66666666666667,0.333333333333333,0.333333333333333
"1234","6303816355.0",3,2.66666666666667,0.333333333333333,0.333333333333333
"1235","B00267S548",3,3,0.333333333333333,0.333333333333333
"1236","B0015R8XH4",3,3,0.333333333333333,0.333333333333333
"1237","792843940.0",3,3,0.333333333333333,0.333333333333333
"1238","B000E1NXMW",3,2,0.333333333333333,0.333333333333333
"1239","B000E1NXMC",3,3,0.333333333333333,0.333333333333333
"1240","B002W650DC",3,2.66666666666667,0.333333333333333,0.333333333333333
"1241","B0000667LB",3,3,0.333333333333333,0.333333333333333
"1242","B002JK08ZG",3,2.66666666666667,0.333333333333333,0.333333333333333
"1243","B0007UDCA8",3,3,0.333333333333333,0.333333333333333
"1244","B004AGHA12",3,2.66666666666667,0.333333333333333,0.333333333333333
"1245","B00068WRN4",3,2.66666666666667,0.333333333333333,0.333333333333333
"1246","B00005B1WT",3,2.66666666666667,0.333333333333333,0.333333333333333
"1247","B001NYU35O",3,3,0.333333333333333,0.333333333333333
"1248","1569941157.0",3,2.66666666666667,0.333333333333333,0.333333333333333
"1249","B000053V3D",3,2,0.333333333333333,0.333333333333333
"1250","6304870701.0",3,2.66666666666667,0.333333333333333,0.333333333333333
"1251","B005D2D2LY",3,3,0.333333333333333,0.333333333333333
"1252","B001NYSWB6",3,3,0.333333333333333,0.333333333333333
"1253","6305178402.0",3,2,0.333333333333333,0.333333333333333
"1254","1578482836.0",3,2,0.333333333333333,0.333333333333333
"1255","B000NY0YP4",3,2.66666666666667,0.333333333333333,0.333333333333333
"1256","6303995942.0",3,3,0.333333333333333,0.333333333333333
"1257","B002MZZTPM",3,2,0.333333333333333,0.333333333333333
"1258","B000NQRR16",3,2,0.333333333333333,0.333333333333333
"1259","6304372469.0",3,2,0.333333333333333,0.333333333333333
"1260","B002OSA3J4",3,2,0.333333333333333,0.333333333333333
"1261","B0017S4Y92",3,3,0.333333333333333,0.333333333333333
"1262","B000UHNWL2",3,3,0.333333333333333,0.333333333333333
"1263","6301657586.0",3,3,0.333333333333333,0.333333333333333
"1264","B0007KY8CE",3,2.66666666666667,0.333333333333333,0.333333333333333
"1265","B002SEV37K",3,3,0.333333333333333,0.333333333333333
"1266","B0006U5UUE",3,3,0.333333333333333,0.333333333333333
"1267","B0000A02UU",3,2,0.333333333333333,0.333333333333333
"1268","6305239398.0",3,3,0.333333333333333,0.333333333333333
"1269","B0009NSE92",3,2.66666666666667,0.333333333333333,0.333333333333333
"1270","B0000AM6MQ",3,2.66666666666667,0.333333333333333,0.333333333333333
"1271","6303544630.0",3,2.66666666666667,0.333333333333333,0.333333333333333
"1272","B007I1TH9O",3,3,0.333333333333333,0.333333333333333
"1273","B000AJJMO6",3,3,0.333333333333333,0.333333333333333
"1274","B0000TA6GY",3,3,0.333333333333333,0.333333333333333
"1275","6301641833.0",3,3,0.333333333333333,0.333333333333333
"1276","B0002D68X8",3,3,0.333333333333333,0.333333333333333
"1277","6305133670.0",3,3,0.333333333333333,0.333333333333333
"1278","B000QQBT7G",3,3,0.333333333333333,0.333333333333333
"1279","B004QSQMLS",3,3,0.333333333333333,0.333333333333333
"1280","B003EQN630",3,2,0.333333333333333,0.333333333333333
"1281","B000K8CM5I",3,3,0.333333333333333,0.333333333333333
"1282","B00005N5UM",3,2.66666666666667,0.333333333333333,0.333333333333333
"1283","B0041ONFKS",3,3,0.333333333333333,0.333333333333333
"1284","B000NVIGE8",3,2.66666666666667,0.333333333333333,0.333333333333333
"1285","B002ZKM2W2",3,3,0.333333333333333,0.333333333333333
"1286","B0009UZGFA",3,3,0.333333333333333,0.333333333333333
"1287","B002DNHPNC",3,3,0.333333333333333,0.333333333333333
"1288","B003M9881O",3,2.66666666666667,0.333333333333333,0.333333333333333
"1289","B0009XRZB0",3,3,0.333333333333333,0.333333333333333
"1290","B001A7X0ZY",3,2.66666666666667,0.333333333333333,0.333333333333333
"1291","B00579FVSU",3,3,0.333333333333333,0.333333333333333
"1292","B003E1QDJE",3,2,0.333333333333333,0.333333333333333
"1293","B000N3SU7Y",3,2,0.333333333333333,0.333333333333333
"1294","B00022PZ06",3,3,0.333333333333333,0.333333333333333
"1295","B00595W4HS",3,2.66666666666667,0.333333333333333,0.333333333333333
"1296","B000YE9ZUI",3,3,0.333333333333333,0.333333333333333
"1297","B0007TFIJC",3,2,0.333333333333333,0.333333333333333
"1298","B0038WU0U2",3,3,0.333333333333333,0.333333333333333
"1299","B002LC3M82",3,2.66666666666667,0.333333333333333,0.333333333333333
"1300","B000LP5CXO",3,2.66666666666667,0.333333333333333,0.333333333333333
"1301","B002BWD7DM",3,3,0.333333333333333,0.333333333333333
"1302","B0037A4IJ4",3,3,0.333333333333333,0.333333333333333
"1303","B001MYIQ2C",3,2.66666666666667,0.333333333333333,0.333333333333333
"1304","6305759960.0",3,2,0.333333333333333,0.333333333333333
"1305","B0027WNRU4",3,2,0.333333333333333,0.333333333333333
"1306","B0047C66JQ",3,3,0.333333333333333,0.333333333333333
"1307","B0002V7SW0",3,2.66666666666667,0.333333333333333,0.333333333333333
"1308","B000FDEVDY",3,3,0.333333333333333,0.333333333333333
"1309","B0060D2YZ0",3,3,0.333333333333333,0.333333333333333
"1310","6303439705.0",3,2,0.333333333333333,0.333333333333333
"1311","B004IF4EY6",3,3,0.333333333333333,0.333333333333333
"1312","B000KWZ24C",3,2,0.333333333333333,0.333333333333333
"1313","B00004T3AR",3,3,0.333333333333333,0.333333333333333
"1314","B00004T3AU",3,2,0.333333333333333,0.333333333333333
"1315","B005UFBAG8",3,3,0.333333333333333,0.333333333333333
"1316","B00008G37I",3,2,0.333333333333333,0.333333333333333
"1317","B0001XAPWO",3,3,0.333333333333333,0.333333333333333
"1318","B0000D0YW2",3,2,0.333333333333333,0.333333333333333
"1319","B00005YHST",3,2,0.333333333333333,0.333333333333333
"1320","B0002TSZR4",3,3,0.333333333333333,0.333333333333333
"1321","B00006LPGX",3,3,0.333333333333333,0.333333333333333
"1322","B002W650NW",3,2.66666666666667,0.333333333333333,0.333333333333333
"1323","B000IJ7A6U",3,2,0.333333333333333,0.333333333333333
"1324","B003AYEYTG",3,2,0.333333333333333,0.333333333333333
"1325","B0014Y57EA",3,2,0.333333333333333,0.333333333333333
"1326","B00006JDRQ",3,2.66666666666667,0.333333333333333,0.333333333333333
"1327","792844025.0",3,3,0.333333333333333,0.333333333333333
"1328","B008NNY93K",3,3,0.333333333333333,0.333333333333333
"1329","6302226570.0",3,2.66666666666667,0.333333333333333,0.333333333333333
"1330","1589948394.0",3,2,0.333333333333333,0.333333333333333
"1331","B0045Z2W0C",3,3,0.333333333333333,0.333333333333333
"1332","B004SKU6O8",3,3,0.333333333333333,0.333333333333333
"1333","B001NPTOFI",3,2,0.333333333333333,0.333333333333333
"1334","076443022X",3,3,0.333333333333333,0.333333333333333
"1335","B000TSJ05E",3,2.66666666666667,0.333333333333333,0.333333333333333
"1336","B0043L0LUG",3,3,0.333333333333333,0.333333333333333
"1337","B0002X7H4W",3,2,0.333333333333333,0.333333333333333
"1338","B000GNOHEG",3,2,0.333333333333333,0.333333333333333
"1339","B000MV901W",3,2.66666666666667,0.333333333333333,0.333333333333333
"1340","B000X306NA",3,3,0.333333333333333,0.333333333333333
"1341","B004Z0T0GQ",3,3,0.333333333333333,0.333333333333333
"1342","B004MUHOQC",3,2.66666666666667,0.333333333333333,0.333333333333333
"1343","B0002T7YEY",3,3,0.333333333333333,0.333333333333333
"1344","B0001LYG9O",3,3,0.333333333333333,0.333333333333333
"1345","B000RZQT5I",3,2.66666666666667,0.333333333333333,0.333333333333333
"1346","B0009IXRH6",3,2.66666666666667,0.333333333333333,0.333333333333333
"1347","B00151QYBC",3,2.66666666666667,0.333333333333333,0.333333333333333
"1348","B000V79RYM",3,2.66666666666667,0.333333333333333,0.333333333333333
"1349","B000NNUX1A",3,2.66666666666667,0.333333333333333,0.333333333333333
"1350","B00000J115",3,3,0.333333333333333,0.333333333333333
"1351","B0040YFR1O",3,3,0.333333333333333,0.333333333333333
"1352","B001E6PESM",3,3,0.333333333333333,0.333333333333333
"1353","B0000TSQM0",3,2,0.333333333333333,0.333333333333333
"1354","B000189K4I",3,3,0.333333333333333,0.333333333333333
"1355","6302224365.0",3,3,0.333333333333333,0.333333333333333
"1356","B000H8S02U",3,2,0.333333333333333,0.333333333333333
"1357","B00004TX5U",3,2,0.333333333333333,0.333333333333333
"1358","B002ZV4IVY",3,2,0.333333333333333,0.333333333333333
"1359","B003XUC6ZQ",3,3,0.333333333333333,0.333333333333333
"1360","B000MQC8WU",3,2.66666666666667,0.333333333333333,0.333333333333333
"1361","B005YJ90EY",3,3,0.333333333333333,0.333333333333333
"1362","1569941149.0",3,2.66666666666667,0.333333333333333,0.333333333333333
"1363","B007DDXSFQ",3,3,0.333333333333333,0.333333333333333
"1364","B000VL7VEQ",3,2,0.333333333333333,0.333333333333333
"1365","B00004XPOJ",3,3,0.333333333333333,0.333333333333333
"1366","B000TAPCAO",3,3,0.333333333333333,0.333333333333333
"1367","B0009ZFK2Y",3,3,0.333333333333333,0.333333333333333
"1368","B0000694Z1",3,2.66666666666667,0.333333333333333,0.333333333333333
"1369","B0000A03KF",3,3,0.333333333333333,0.333333333333333
"1370","B000AYEIAE",3,2.66666666666667,0.333333333333333,0.333333333333333
"1371","6305383340.0",3,2.66666666666667,0.333333333333333,0.333333333333333
"1372","B000FII252",3,2,0.333333333333333,0.333333333333333
"1373","B002OSC23Y",3,2,0.333333333333333,0.333333333333333
"1374","6303005012.0",3,2.66666666666667,0.333333333333333,0.333333333333333
"1375","B0006H4AXA",3,2,0.333333333333333,0.333333333333333
"1376","B000AMPKBM",3,2.66666666666667,0.333333333333333,0.333333333333333
"1377","B00186DF3E",3,2,0.333333333333333,0.333333333333333
"1378","B005IGHTZK",3,2.66666666666667,0.333333333333333,0.333333333333333
"1379","B00008O2Z8",3,2,0.333333333333333,0.333333333333333
"1380","B00008O2Z2",3,2.66666666666667,0.333333333333333,0.333333333333333
"1381","B00004W1TE",3,2.66666666666667,0.333333333333333,0.333333333333333
"1382","B00005A3KR",3,3,0.333333333333333,0.333333333333333
"1383","B00005U13O",3,3,0.333333333333333,0.333333333333333
"1384","6304023448.0",3,2.66666666666667,0.333333333333333,0.333333333333333
"1385","B001LNOLD2",3,2.66666666666667,0.333333333333333,0.333333333333333
"1386","B007MHXY7K",3,2.66666666666667,0.333333333333333,0.333333333333333
"1387","B0000A2ZQF",3,2.66666666666667,0.333333333333333,0.333333333333333
"1388","B000KJTG1K",3,2.66666666666667,0.333333333333333,0.333333333333333
"1389","6302679052.0",3,3,0.333333333333333,0.333333333333333
"1390","B001QZZFMQ",3,3,0.333333333333333,0.333333333333333
"1391","B0054WPWVG",3,2.66666666666667,0.333333333333333,0.333333333333333
"1392","B0007A107A",3,3,0.333333333333333,0.333333333333333
"1393","B002KPMU8S",3,2.66666666666667,0.333333333333333,0.333333333333333
"1394","B0009NSDZC",3,2,0.333333333333333,0.333333333333333
"1395","B000F3T3RI",3,2.66666666666667,0.333333333333333,0.333333333333333
"1396","B003AK5RL4",3,3,0.333333333333333,0.333333333333333
"1397","6305090637.0",3,2.66666666666667,0.333333333333333,0.333333333333333
"1398","B00005O5N9",3,2,0.333333333333333,0.333333333333333
"1399","B00000FDY1",3,2.66666666666667,0.333333333333333,0.333333333333333
"1400","B003IDFLOQ",3,2.66666666666667,0.333333333333333,0.333333333333333
"1401","6304834217.0",3,3,0.333333333333333,0.333333333333333
"1402","B002ZS29SQ",3,2,0.333333333333333,0.333333333333333
"1403","B00009L4ZU",3,2.66666666666667,0.333333333333333,0.333333333333333
"1404","B005DA92QK",3,3,0.333333333333333,0.333333333333333
"1405","6305087148.0",3,2,0.333333333333333,0.333333333333333
"1406","B00029YM58",3,2,0.333333333333333,0.333333333333333
"1407","B0000VLA7G",3,2,0.333333333333333,0.333333333333333
"1408","B002JWWG9A",3,3,0.333333333333333,0.333333333333333
"1409","B001PPLKQM",3,3,0.333333333333333,0.333333333333333
"1410","B0066O101C",3,2,0.333333333333333,0.333333333333333
"1411","B000MV8K36",3,2.66666666666667,0.333333333333333,0.333333333333333
"1412","B000FCW25E",3,2.66666666666667,0.333333333333333,0.333333333333333
"1413","B001G6ZX2M",3,2.66666666666667,0.333333333333333,0.333333333333333
"1414","B0007TFIFG",3,3,0.333333333333333,0.333333333333333
"1415","B00000F74K",3,3,0.333333333333333,0.333333333333333
"1416","B003AYEYUK",3,2.66666666666667,0.333333333333333,0.333333333333333
"1417","B002OPZ38S",3,2.66666666666667,0.333333333333333,0.333333333333333
"1418","B0012C2FYE",3,2,0.333333333333333,0.333333333333333
"1419","B003E1QDJO",3,2,0.333333333333333,0.333333333333333
"1420","B000B5IOKM",3,3,0.333333333333333,0.333333333333333
"1421","B000JMK6QW",3,3,0.333333333333333,0.333333333333333
"1422","6305972184.0",3,2.66666666666667,0.333333333333333,0.333333333333333
"1423","B002VRNIYU",3,2,0.333333333333333,0.333333333333333
"1424","B00004T6FI",3,3,0.333333333333333,0.333333333333333
"1425","B0010C8RNE",3,2.66666666666667,0.333333333333333,0.333333333333333
"1426","B00004YZFI",3,2,0.333333333333333,0.333333333333333
"1427","B00004YZFH",3,2,0.333333333333333,0.333333333333333
"1428","1573470961.0",3,2.66666666666667,0.333333333333333,0.333333333333333
"1429","B000NVIGH0",3,2.66666666666667,0.333333333333333,0.333333333333333
"1430","B00004YA6Q",3,2,0.333333333333333,0.333333333333333
"1431","B002ZKEVS0",3,3,0.333333333333333,0.333333333333333
"1432","B000BVNSDE",3,2,0.333333333333333,0.333333333333333
"1433","B00006LPF8",3,3,0.333333333333333,0.333333333333333
"1434","B0006SSQ52",3,2.66666666666667,0.333333333333333,0.333333333333333
"1435","B0009VXMNM",3,3,0.333333333333333,0.333333333333333
"1436","B002WKTFXE",3,3,0.333333333333333,0.333333333333333
"1437","B0000DI4TL",3,2.66666666666667,0.333333333333333,0.333333333333333
"1438","B00004W1AQ",3,3,0.333333333333333,0.333333333333333
"1439","B00004W1A6",3,3,0.333333333333333,0.333333333333333
"1440","6301785436.0",3,2.66666666666667,0.333333333333333,0.333333333333333
"1441","B005HJC868",3,2.66666666666667,0.333333333333333,0.333333333333333
"1442","B000CQQIW6",3,2.66666666666667,0.333333333333333,0.333333333333333
"1443","B0001WTVBQ",3,2,0.333333333333333,0.333333333333333
"1444","B000VHO1K2",3,3,0.333333333333333,0.333333333333333
"1445","B003QTDI88",3,2.66666666666667,0.333333333333333,0.333333333333333
"1446","B001700N0O",3,2,0.333333333333333,0.333333333333333
"1447","B0002HOD9K",3,3,0.333333333333333,0.333333333333333
"1448","B004X60QYW",3,3,0.333333333333333,0.333333333333333
"1449","B0013OD8IS",3,3,0.333333333333333,0.333333333333333
"1450","B00000FZZJ",3,2.66666666666667,0.333333333333333,0.333333333333333
"1451","6300257142.0",3,2,0.333333333333333,0.333333333333333
"1452","B002UX8O9Y",3,3,0.333333333333333,0.333333333333333
"1453","B003IBBETY",3,2.66666666666667,0.333333333333333,0.333333333333333
"1454","B00012FX04",3,2,0.333333333333333,0.333333333333333
"1455","B000QRIL6W",3,3,0.333333333333333,0.333333333333333
"1456","B000F4PDE4",3,3,0.333333333333333,0.333333333333333
"1457","1569941130.0",3,2.66666666666667,0.333333333333333,0.333333333333333
"1458","B0007WQHHG",3,3,0.333333333333333,0.333333333333333
"1459","B004HJ0ZMS",3,2.66666666666667,0.333333333333333,0.333333333333333
"1460","B0009GX1R4",3,3,0.333333333333333,0.333333333333333
"1461","B000RE6RYM",3,2.66666666666667,0.333333333333333,0.333333333333333
"1462","B00381MFPG",3,2,0.333333333333333,0.333333333333333
"1463","B000M67TF6",3,3,0.333333333333333,0.333333333333333
"1464","B0002UCOCK",3,2,0.333333333333333,0.333333333333333
"1465","B00005QFFY",3,3,0.333333333333333,0.333333333333333
"1466","6304078641.0",3,3,0.333333333333333,0.333333333333333
"1467","B007Z723BK",3,3,0.333333333333333,0.333333333333333
"1468","6304877528.0",3,3,0.333333333333333,0.333333333333333
"1469","B00008DDX7",3,2.66666666666667,0.333333333333333,0.333333333333333
"1470","B0009E32FW",3,3,0.333333333333333,0.333333333333333
"1471","B00000F9R1",3,3,0.333333333333333,0.333333333333333
